{
  "questions": [
{
"utteranceId":"CompTest-1",
"utterance":"which films were starred by julia roberts and richard gere?",
"targets":["Runaway Bride","Pretty Woman"]
},
{"utteranceId":"CompTest-2","utterance":"which actor is married to kaaren verne and played in casablanca?","targets":["Peter Lorre"]},
{"utteranceId":"CompTest-3","utterance":"who played for fc munich and was born in karlsruhe?","targets":["Oliver Kahn","Michael Sternkopf","Mehmet Scholl"]},
{"utteranceId":"CompTest-4","utterance":"who was married to billy thornton and jonny miller?","targets":["Angelina Jolie"]},
{"utteranceId":"CompTest-5","utterance":"who coached fc barcelona and bayern munich?","targets":["Louis van Gaal"]},
{"utteranceId":"CompTest-6","utterance":"which actor played in troy and seven?","targets":["Brad Pitt"]},
{"utteranceId":"CompTest-7","utterance":"who played for fc barcelona and bayern munich?","targets":["Mark van Bommel","Mark Hughes"]},
{"utteranceId":"CompTest-8","utterance":"who was born in shawnee and starred in troy?","targets":["Brad Pitt"]},
{"utteranceId":"CompTest-9","utterance":"which companies were founded by larry page and sergey brin?","targets":["Google"]},
{"utteranceId":"CompTest-10","utterance":"who directed braveheart and paparazzi?","targets":["Mel Gibson"]},
{"utteranceId":"CompTest-11","utterance":"who graduated from duke university and was the president of us?","targets":["Richard Nixon","Edward Gurney"]},
{"utteranceId":"CompTest-12","utterance":"who won nopel prize for physics and was born in ulm?","targets":["Albert Einstein"]},
{"utteranceId":"CompTest-13","utterance":"which country adjoins germany and france?","targets":["Luxembourg","Switzerland"]},
{"utteranceId":"CompTest-14","utterance":"who directed braveheart and played in mad max?","targets":["Mel Gibson"]},
{"utteranceId":"CompTest-15","utterance":"who founded apple and pixar?","targets":["Steve Jobs"]},
{"utteranceId":"CompTest-16","utterance":"who is married to shakira and plays for fc barcelona?","targets":["Gerard Piqué"]},
{"utteranceId":"CompTest-17","utterance":"who played for chicago bulls and acted in space jam?","targets":["Michael Jordan"]},
{"utteranceId":"CompTest-18","utterance":"who was married to hillary clinton and was the president of us?","targets":["Bill Clinton"]},
{"utteranceId":"CompTest-19","utterance":"who was born in new haven and was the president of us?","targets":["George Bush"]},
{"utteranceId":"CompTest-20","utterance":"who went to university of michigan and is the head of google?","targets":["Larry Page"]},
{"utteranceId":"CompTest-21","utterance":"which state adjoins minnesota and wisconsin?","targets":["Iowa"]},
{"utteranceId":"CompTest-22","utterance":"in which films directed by timur bekmambetov was angelina jolie playing?","targets":["Wanted"]},
{"utteranceId":"CompTest-23","utterance":"which country member of the african union gaborone is the capital of?","targets":["Botswana"]},
{"utteranceId":"CompTest-24","utterance":"which us president was born in hope?","targets":["Bill Clinton"]},
{"utteranceId":"CompTest-25","utterance":"which us presidents were duke university graduates?","targets":["Richard Nixon","Edward Gurney"]},
{"utteranceId":"CompTest-26","utterance":"which language is spoken in switzerland and austria?","targets":["German Language"]},
{"utteranceId":"CompTest-27","utterance":"which daughter of john f. kennedy studied at radcliffe college?","targets":["Caroline Kennedy"]},
{"utteranceId":"CompTest-28","utterance":"who played in bedtime for bonzo and was an american president?","targets":["Ronald Reagan"]},
{"utteranceId":"CompTest-29","utterance":"which us presidents were also governors of virginia?","targets":["Thomas Jefferson","James Monroe","John Tyler"]},
{"utteranceId":"CompTest-30","utterance":"Which films starring bruce willis were directed by john mctiernan?","targets":["Die Hard","Die Hard with a Vengeance"]},
{"utteranceId":"CompTest-31","utterance":"in which films did julia roberts as well as richard gere play?","targets":["Runaway Bride","Pretty Woman"]},
{"utteranceId":"CompTest-32","utterance":"which politician studied in oxford and yale law school?","targets":["Bill Clinton","Neal S. Wolin","Robert Reich"]},
{"utteranceId":"CompTest-33","utterance":"which son of einstein was elizabeth roboz married to?","targets":["Hans Albert Einstein"]},
{"utteranceId":"CompTest-34","utterance":"which son of einstein was an eth zurich graduate?","targets":["Hans Albert Einstein"]},
{"utteranceId":"CompTest-35","utterance":"which son of george h. w. bush was the president of the us?","targets":["George Bush"]},
{"utteranceId":"CompTest-36","utterance":"which books written by richard russo won pulitzer prize for fiction?","targets":["Empire Falls"]},
{"utteranceId":"CompTest-37","utterance":"who graduated from stanford and won a nobel prize in physics?","targets":["Richard E. Taylor","Eric Allin Cornell","Carl Wieman","Douglas Osheroff"]},
{"utteranceId":"CompTest-38","utterance":"which american presidents won a nobel peace prize?","targets":["Barack Obama","Theodore Roosevelt","Jimmy Carter","Woodrow Wilson"]},
{"utteranceId":"CompTest-39","utterance":"who is the president of the us who played in bedtime for bonzo?","targets":["Ronald Reagan"]},
{"utteranceId":"CompTest-40","utterance":"who is the author of empire falls for which he won pulitzer prize for fiction?","targets":["Richard Russo"]},
{"utteranceId":"CompTest-41","utterance":"what is merliah real name in barbie in a mermaid tale?","targets":["Kelly Sheridan"]},
{"utteranceId":"CompTest-42","utterance":"which players have played for liverpool and manchester united?","targets":["Michael Owen"]},
{"utteranceId":"CompTest-43","utterance":"which players have played for everton and leeds?","targets":["Ross Barkley"]},
{"utteranceId":"CompTest-44","utterance":"who has played for manchester united and real madrid?","targets":["Michael Owen","Gabriel Heinze","David Beckham","Cristiano Ronaldo"]},
{"utteranceId":"CompTest-45","utterance":"what films did jack lemmon and walter matthau star in?","targets":["Grumpier Old Men","JFK","Grumpy Old Men","Buddy Buddy","The Odd Couple II","The Odd Couple","The Fortune Cookie","Out to Sea","The Grass Harp","The Front Page"]},
{"utteranceId":"CompTest-46","utterance":"which films were jack lemmon and walter matthau in?","targets":["Grumpier Old Men","JFK","Grumpy Old Men","Buddy Buddy","The Odd Couple II","The Odd Couple","The Fortune Cookie","Out to Sea","The Grass Harp","The Front Page"]},
{"utteranceId":"CompTest-47","utterance":"who played mr. tumnus in the chronicles of narnia?","targets":["James McAvoy","Victor Spinetti","Leslie Phillips"]},
{"utteranceId":"CompTest-48","utterance":"what did johnny vegas study at middlesex university?","targets":["Art","Ceramic art"]},
{"utteranceId":"CompTest-49","utterance":"what movie did sandra bullock and keanu reeves appear in?","targets":["Speed","The Lake House"]},
{"utteranceId":"CompTest-50","utterance":"what was the name of katie holmes character on dawson's creek?","targets":["Joey Potter"]},
{"utteranceId":"CompTest-51","utterance":"who does the voice of king julien in penguin of madagascar?","targets":["Danny Jacobs"]},
{"utteranceId":"CompTest-52","utterance":"what was nicole kidmans character's name in moulin rouge?","targets":["Satine"]},
{"utteranceId":"CompTest-53","utterance":"who played the voice of george steinbrenner in seinfeld?","targets":["Larry David"]},
{"utteranceId":"CompTest-54","utterance":"what films have russell crowe and denzel washington starred in?","targets":["Virtuosity","American Gangster"]},
{"utteranceId":"CompTest-55","utterance":"which film did wesley snipes and woody harrelson appear in?","targets":["White Men Can't Jump","Wildcats","Money Train"]},
{"utteranceId":"CompTest-56","utterance":"what river flows through washington and oregon?","targets":["Columbia River"]},
{"utteranceId":"CompTest-57","utterance":"which country is contained by europe and asia?","targets":["Russian Empire","Armenia","Turkey","Russia","Soviet Union"]},
{"utteranceId":"CompTest-58","utterance":"what is the name of bianca and mick jagger's daughter?","targets":["Jade Jagger"]},
{"utteranceId":"CompTest-59","utterance":"who plays maggie o'donnell in 17 again?","targets":["Michelle Trachtenberg"]},
{"utteranceId":"CompTest-60","utterance":"what country is bordered by colombia in the north and peru in the south?","targets":["Ecuador"]},
{"utteranceId":"CompTest-61","utterance":"who plays magneto in the x men films?","targets":["Ian McKellen","Bill Milner","Brett Morris"]},
{"utteranceId":"CompTest-62","utterance":"what country is south of mexico and west of honduras?","targets":["Guatemala"]},
{"utteranceId":"CompTest-63","utterance":"what river is between new south wales and queensland?","targets":["Macintyre River"]},
{"utteranceId":"CompTest-64","utterance":"when did henry ford get married to clara ala bryant?","targets":["1888-04-11"]},
{"utteranceId":"CompTest-65","utterance":"what country borders iraq and saudi arabia?","targets":["Jordan","Kuwait"]},
{"utteranceId":"CompTest-66","utterance":"what is the city located on the hudson river and is the capital of the state of new york?","targets":["Albany"]},
{"utteranceId":"CompTest-67","utterance":"which footballer has played in manchester united and inter milan?","targets":["Diego Forlán","Mikaël Silvestre"]},
{"utteranceId":"CompTest-68","utterance":"who is the actor that plays albus dumbledore in harry potter?","targets":["Richard Harris","Michael Gambon"]},
{"utteranceId":"CompTest-69","utterance":"who does eddie murphy plays in the beverly hills cop movies?","targets":["Axel Foley"]},
{"utteranceId":"CompTest-70","utterance":"which us president studied at oxford university?","targets":["Bill Clinton"]},
{"utteranceId":"CompTest-71","utterance":"which film did nicole kidman and julia roberts appear in?","targets":["Eyes Wide Shut","Far and Away","Days of Thunder"]},
{"utteranceId":"CompTest-72","utterance":"who plays captain barbossa in pirates of the caribbean?","targets":["Geoffrey Rush"]},
{"utteranceId":"CompTest-73","utterance":"who has played for barcelona and chelsea?","targets":["Eiður Guðjohnsen","Ricardo Quaresma","Juliano Belletti","Mark Hughes","Deco"]},
{"utteranceId":"CompTest-74","utterance":"who married frank sinatra and woody allen?","targets":["Mia Farrow"]},
{"utteranceId":"CompTest-75","utterance":"who played role of superman in superman returns?","targets":["Brandon Routh"]},
{"utteranceId":"CompTest-76","utterance":"which president graduated from yale and from harvard?","targets":["George W. Bush"]},
{"utteranceId":"CompTest-77","utterance":"who plays carmen lopez in george lopez?","targets":["Masiela Lusha"]},
{"utteranceId":"CompTest-78","utterance":"which players have played with arsenal and barcelona?","targets":["Alex Song","Giovanni van Bronckhorst","Thierry Henry","Alex Song","Cesc Fàbregas","Thierry Henry","Alexander Hleb"]},
{"utteranceId":"CompTest-79","utterance":"what year did helen keller go to the perkins intstitute?","targets":["1888-05"]},
{"utteranceId":"CompTest-80","utterance":"who starred as paul drake in perry mason?","targets":["William Hopper"]},
{"utteranceId":"CompTest-81","utterance":"when did bill clinton and hillary clinton get married?","targets":["1975-10-11"]},
{"utteranceId":"CompTest-82","utterance":"which movie starred woody harrelson and wesley snipes?","targets":["White Men Can't Jump","Wildcats","Money Train"]},
{"utteranceId":"CompTest-83","utterance":"when did ronald reagan and jane wyman divorce?","targets":["1948-06-28"]},
{"utteranceId":"CompTest-84","utterance":"who is the author of dr. jekyll and mr. hyde?","targets":["Robert Louis Stevenson"]},
{"utteranceId":"CompTest-85","utterance":"what did michael faraday and joseph henry discover?","targets":["Homopolar generator","Faraday cage","Toy balloon","Electric motor"]},
{"utteranceId":"CompTest-86","utterance":"who plays lord voldemort in deathly hallows?","targets":["Ralph Fiennes"]},
{"utteranceId":"CompTest-87","utterance":"who played dylan mckay on beverly hill 90210?","targets":["Luke Perry"]},
{"utteranceId":"CompTest-88","utterance":"what country is between syria and iran?","targets":["Iraq"]},
{"utteranceId":"CompTest-89","utterance":"where did marilyn monroe and arthur miller get married?","targets":["White Plains"]},
{"utteranceId":"CompTest-90","utterance":"what plays edmund pevensie in narnia?","targets":["Skandar Keynes"]},
{"utteranceId":"CompTest-91","utterance":"what country borders france and spain?","targets":["Andorra"]},
{"utteranceId":"CompTest-92","utterance":"what films did burt lancaster and kirk douglas appear in?","targets":["The List of Adrian Messenger","Tough Guys","Seven Days in May","I Walk Alone","Victory at Entebbe","Gunfight at the O.K. Corral","The Devil's Disciple"]},
{"utteranceId":"CompTest-93","utterance":"when did annie oakley and frank butler marry?","targets":["1876-08-23"]},
{"utteranceId":"CompTest-94","utterance":"what year did george w bush graduate from harvard?","targets":["1975"]},
{"utteranceId":"CompTest-95","utterance":"what movie starred tom hanks as jim lovell?","targets":["Apollo 13"]},
{"utteranceId":"CompTest-96","utterance":"what mountains are in morocco and algeria?","targets":["Atlas Mountains","Sahara"]},
{"utteranceId":"CompTest-97","utterance":"what movie starred keanu reeves and gary oldman?","targets":["Bram Stoker's Dracula"]},
{"utteranceId":"CompTest-98","utterance":"who is the father of jenna and barbara?","targets":["George W. Bush"]},
{"utteranceId":"CompTest-99","utterance":"when did martin luther king jr marries coretta scott?","targets":["1953-06-18"]},
{"utteranceId":"CompTest-100","utterance":"what was the name of the 2010 film that starred robert pattinson and emilie de ravin?","targets":["Remember Me"]},
{"utteranceId":"CompTest-101","utterance":"what movie starred jennifer grey and charlie sheen?","targets":["Red Dawn","Ferris Bueller's Day Off"]},
{"utteranceId":"CompTest-102","utterance":"who plays dylan on akeelah and the bee?","targets":["Sean Michael Afable"]},
{"utteranceId":"CompTest-103","utterance":"which character angelina jolie play in mr and mrs smith?","targets":["Jane Smith"]},
{"utteranceId":"CompTest-104","utterance":"which country were the adidas and puma footwear founded?","targets":["Germany"]},
{"utteranceId":"CompTest-105","utterance":"which country is located in asia and africa?","targets":["Yemen"]},
{"utteranceId":"CompTest-106","utterance":"who plays bella in the twilight series?","targets":["Kristen Stewart"]},
{"utteranceId":"CompTest-107","utterance":"when did ronald reagan get married to jane wyman?","targets":["1940"]},
{"utteranceId":"CompTest-108","utterance":"when did bobby brown and whitney houston get married?","targets":["1992-07-18"]},
{"utteranceId":"CompTest-109","utterance":"what movie did russell crowe and denzel washington work?","targets":["Virtuosity","American Gangster"]},
{"utteranceId":"CompTest-110","utterance":"what movie included characters named louis tully and dr peter venkman?","targets":["Ghostbusters"]},
{"utteranceId":"CompTest-111","utterance":"what country borders mexico and belize?","targets":["Guatemala"]},
{"utteranceId":"CompTest-112","utterance":"what movies have starred tom hanks and meg ryan?","targets":["Joe Versus the Volcano","Sleepless in Seattle","You've Got Mail"]},
{"utteranceId":"CompTest-113","utterance":"when did harry truman and bess truman get married?","targets":["1919-06-28"]},
{"utteranceId":"CompTest-114","utterance":"what movie did rob lowe and andrew mccarthy star in?","targets":["St. Elmo's Fire","Class","Mulholland Falls"]},
{"utteranceId":"CompTest-115","utterance":"what movies star bruce willis and brad pitt?","targets":["12 Monkeys","Ocean's Twelve"]},
{"utteranceId":"CompTest-116","utterance":"which film based on a true story starred tom hanks as jim level?","targets":["Apollo 13"]},
{"utteranceId":"CompTest-117","utterance":"who played for united arsenal and barcelona?","targets":["Alex Song","Giovanni van Bronckhorst","Thierry Henry","Alex Song","Cesc Fàbregas","Thierry Henry","Alexander Hleb"]},
{"utteranceId":"CompTest-118","utterance":"which movie directed by doug liman did angelina jolie play in?","targets":["Mr. & Mrs. Smith"]},
{"utteranceId":"CompTest-119","utterance":"when did george harrison get a divorce from pattie boyd?","targets":["1977-06-09"]},
{"utteranceId":"CompTest-120","utterance":"what movies starred john wayne and maureen o'hara?","targets":["Big Jake","The Wings of Eagles","McLintock!","The Quiet Man","Rio Grande"]},
{"utteranceId":"CompTest-121","utterance":"what songs did michael jackson sing with janet jackson?","targets":["Scream","Scream (single edit #2)","Scream (Def Radio mix)","Scream (Pressurized dub, Part 1)","Scream (Dave Hall's Urban remix edit)","Scream (D.M. R&B extended mix)","Scream (Naughty main mix)","Scream (album version)","Scream Louder (Flyte Tyme remix)","Scream (Naughty radio edit with rap)","Scream (Def extended remix)","Scream (single edit)","Scream (Dave 'Jam' Hall's Urban remix edit)","Scream (Dave 'Jam' Hall's extended Urban remix)","Scream (Classic Club mix)","Scream (Naughty Radio edit with rap)","Scream (single)","Scream (feat. Janet Jackson)"]},
{"utteranceId":"CompTest-122","utterance":"when was nelson mandela elected president of south africa?","targets":["1994-05-10"]},
{"utteranceId":"CompTest-123","utterance":"what were the names of the movies that john wayne and maureen ohara worked?","targets":["Big Jake","The Wings of Eagles","McLintock!","The Quiet Man","Rio Grande"]},
{"utteranceId":"CompTest-124","utterance":"which players have played for leeds united and manchester united?","targets":["Rio Ferdinand","Alan Smith","David Healy"]},
{"utteranceId":"CompTest-125","utterance":"when was jane goodall and van lawick married?","targets":["1964-03-28"]},
{"utteranceId":"CompTest-126","utterance":"what films of alfred hitchcock did grace kelly star in?","targets":["Dial M for Murder","Rear Window","To Catch a Thief"]},
{"utteranceId":"CompTest-127","utterance":"what film directed by steven spielberg did oprah winfrey act in?","targets":["The Color Purple"]},
{"utteranceId":"CompTest-128","utterance":"what movies have juliette lewis and brad pitt starred in?","targets":["Too Young to Die?","Kalifornia"]},
{"utteranceId":"CompTest-129","utterance":"what movie did patrick stewart and halle berry star in?","targets":["X2","X-Men: The Last Stand","X-Men","X-Men: Days of Future Past"]},
{"utteranceId":"CompTest-130","utterance":"in what movie did nicolas cage and john travolta star in?","targets":["Welcome to Hollywood","Face/Off"]},
{"utteranceId":"CompTest-131","utterance":"what movie starred bruce willis and haley joel osment?","targets":["The Sixth Sense"]},
{"utteranceId":"CompTest-132","utterance":"which us president played the saxophone?","targets":["Bill Clinton"]},
{"utteranceId":"CompTest-133","utterance":"what degree did bill clinton get while attending yale law school?","targets":["Juris Doctor"]},
{"utteranceId":"CompTest-134","utterance":"which country borders mali and ghana?","targets":["Côte d’Ivoire","Burkina Faso"]},
{"utteranceId":"CompTest-135","utterance":"what is the name of angelina jolie's character in mr and mrs smith?","targets":["Jane Smith"]},
{"utteranceId":"CompTest-136","utterance":"who played for ac milan and inter milan?","targets":["Ronaldo","Zlatan Ibrahimović","Mario Barwuah Balotelli","Attila Filkor","Giampaolo Pazzini","Andrea Pirlo","Antonio Cassano","Sulley Muntari","Clarence Seedorf"]},
{"utteranceId":"CompTest-137","utterance":"when did michelle obama and barack obama get married?","targets":["1992-10-03"]},
{"utteranceId":"CompTest-138","utterance":"what school does bella swan from twilight go to?","targets":["Forks High School"]},
{"utteranceId":"CompTest-139","utterance":"what river flows through india and china?","targets":["Indus River"]},
{"utteranceId":"CompTest-140","utterance":"which actress appeared in ghost with patrick swayzee?","targets":["Molly Jensen"]},
{"utteranceId":"CompTest-141","utterance":"which language is spoken today by most people in canada and the us?","targets":["North–Central American English","Lojban","Spanish Language","Western Abnaki language"]},
{"utteranceId":"CompTest-142","utterance":"which language is spoken by most people in nigeria and kenya?","targets":["English Language"]},
{"utteranceId":"CompTest-143","utterance":"what band was founded by mick jagger and keith richards?","targets":["The Rolling Stones"]},
{"utteranceId":"CompTest-144","utterance":"which band included phil collins and peter gabriel?","targets":["Genesis"]},
{"utteranceId":"CompTest-145","utterance":"What movie did russell crowe and denzel washington work on together?","targets":["Virtuosity","American Gangster"]},
{"utteranceId":"CompTest-146","utterance":"Who did king julien in the penguins of madagascar?","targets":["Danny Jacobs"]},
{"utteranceId":"CompTest-147","utterance":"Who played maggie in seventeen again?","targets":["Michelle Trachtenberg"]},
{"utteranceId":"CompTest-148","utterance":"What country is boarded by Colombia in the north Peru in the south?","targets":["Ecuador"]},
{"utteranceId":"CompTest-149","utterance":"Who played Mr. Thomas in the Chronicles of Narnia?","targets":["James McAvoy","Victor Spinetti","Leslie Phillips"]},
{"utteranceId":"CompTest-150","utterance":"Who played both for man united and Real madrid?","targets":["Michael Owen","Gabriel Heinze","David Beckham","Cristiano Ronaldo"]}
]
}
