<?xml version="1.0" encoding="UTF-8" standalone="no"?>
<dataset id="hobbit-2-train-largescale">
<question aggregation="false" answertype="boolean" hybrid="false" id="1" onlydbo="false">
<string lang="en">Did Robin Cook attend a university?</string>
<keywords lang="en">Robin Cook, attend, university</keywords>
<query>PREFIX  dbo:  &lt;http://dbpedia.org/ontology/&gt;
PREFIX  res:  &lt;http://dbpedia.org/resource/&gt;
PREFIX  rdf:  &lt;http://www.w3.org/1999/02/22-rdf-syntax-ns#&gt;
ASK
WHERE
  { res:Robin_Cook
              dbo:almaMater  ?x .
    ?x        rdf:type       dbo:University
  }
</query>
<answers>
<answer>true</answer>
</answers>
</question>
<question aggregation="false" answertype="boolean" hybrid="false" id="2" onlydbo="false">
<string lang="en">Did Tony Fry influence Aristotle?</string>
<keywords lang="en">Tony Fry, influence, Aristotle</keywords>
<query>PREFIX  dbo:  &lt;http://dbpedia.org/ontology/&gt;
PREFIX  res:  &lt;http://dbpedia.org/resource/&gt;
ASK
WHERE
  { res:Aristotle
              dbo:influencedBy  res:Tony_Fry
  }
</query>
<answers>
<answer>false</answer>
</answers>
</question>
<question aggregation="true" answertype="boolean" hybrid="false" id="3" onlydbo="false">
<string lang="en">Does Por tu amor have more episodes than Game of Thrones?</string>
<keywords lang="en">Por tu amor, more, episodes, Game of Thrones</keywords>
<query>PREFIX  dbo:  &lt;http://dbpedia.org/ontology/&gt;
PREFIX  res:  &lt;http://dbpedia.org/resource/&gt;
ASK
WHERE
  { res:Por_tu_amor
              dbo:numberOfEpisodes  ?x .
    res:Game_of_Thrones
              dbo:numberOfEpisodes  ?y
    FILTER ( ?x &gt; ?y )
  }
</query>
<answers>
<answer>true</answer>
</answers>
</question>
<question aggregation="false" answertype="boolean" hybrid="false" id="4" onlydbo="false">
<string lang="en">Does the Alba River flow into a lake?</string>
<keywords lang="en">Alba River, flow, lake</keywords>
<query>PREFIX  dbo:  &lt;http://dbpedia.org/ontology/&gt;
PREFIX  res:  &lt;http://dbpedia.org/resource/&gt;
PREFIX  rdf:  &lt;http://www.w3.org/1999/02/22-rdf-syntax-ns#&gt;
ASK
WHERE
  { ?x  dbo:inflow  res:Alba_River ;
        rdf:type    dbo:Lake
  }
</query>
<answers>
<answer>false</answer>
</answers>
</question>
<question aggregation="false" answertype="resource" hybrid="false" id="5" onlydbo="false">
<string lang="en">From which region is the Refosco dal Peduncolo Rosso?</string>
<keywords lang="en">region, Refosco dal Peduncolo Rosso</keywords>
<query>PREFIX  dbo:  &lt;http://dbpedia.org/ontology/&gt;
PREFIX  res:  &lt;http://dbpedia.org/resource/&gt;
SELECT DISTINCT  ?uri
WHERE
  { res:Refosco_dal_Peduncolo_Rosso
              dbo:wineRegion  ?uri
  }
</query>
<answers>
<answer>http://dbpedia.org/resource/Slovenia</answer>
<answer>http://dbpedia.org/resource/Veneto</answer>
<answer>http://dbpedia.org/resource/Friuli-Venezia_Giulia</answer>
</answers>
</question>
<question aggregation="false" answertype="resource" hybrid="false" id="6" onlydbo="false">
<string lang="en">Give me all Avant-garde jazz record labels.</string>
<keywords lang="en">Avant-garde jazz record labels</keywords>
<query>PREFIX  dbo:  &lt;http://dbpedia.org/ontology/&gt;
PREFIX  res:  &lt;http://dbpedia.org/resource/&gt;
PREFIX  rdfs: &lt;http://www.w3.org/2000/01/rdf-schema#&gt;
PREFIX  rdf:  &lt;http://www.w3.org/1999/02/22-rdf-syntax-ns#&gt;
SELECT DISTINCT  ?uri ?string
WHERE
  { ?uri  rdf:type   dbo:RecordLabel ;
          dbo:genre  res:Avant-garde_jazz
    OPTIONAL
      { ?uri  rdfs:label  ?string
        FILTER ( lang(?string) = "en" )
      }
  }
</query>
<answers>
<answer>http://dbpedia.org/resource/Cavity_Search_Records</answer>
<answer>http://dbpedia.org/resource/Black_Saint/Soul_Note</answer>
<answer>http://dbpedia.org/resource/Northern_Spy_Records</answer>
<answer>http://dbpedia.org/resource/AUM_Fidelity</answer>
</answers>
</question>
<question aggregation="false" answertype="resource" hybrid="false" id="7" onlydbo="false">
<string lang="en">Give me all books written by David Foster Wallace.</string>
<keywords lang="en">books, written, David Foster Wallace</keywords>
<query>PREFIX  dbo:  &lt;http://dbpedia.org/ontology/&gt;
PREFIX  res:  &lt;http://dbpedia.org/resource/&gt;
PREFIX  dbp:  &lt;http://dbpedia.org/property/&gt;
PREFIX  rdf:  &lt;http://www.w3.org/1999/02/22-rdf-syntax-ns#&gt;
SELECT DISTINCT  ?uri
WHERE
  { ?uri  rdf:type    dbo:Book ;
          dbp:author  res:David_Foster_Wallace
  }
</query>
<answers>
<answer>http://dbpedia.org/resource/Brief_Interviews_with_Hideous_Men</answer>
<answer>http://dbpedia.org/resource/Everything_and_More_(book)</answer>
<answer>http://dbpedia.org/resource/The_Broom_of_the_System</answer>
<answer>http://dbpedia.org/resource/The_Pale_King</answer>
<answer>http://dbpedia.org/resource/This_Is_Water</answer>
<answer>http://dbpedia.org/resource/Both_Flesh_and_Not</answer>
<answer>http://dbpedia.org/resource/Infinite_Jest</answer>
<answer>http://dbpedia.org/resource/A_Supposedly_Fun_Thing_I&apos;ll_Never_Do_Again</answer>
<answer>http://dbpedia.org/resource/Signifying_Rappers</answer>
<answer>http://dbpedia.org/resource/Consider_the_Lobster</answer>
<answer>http://dbpedia.org/resource/Girl_with_Curious_Hair</answer>
<answer>http://dbpedia.org/resource/Oblivion:_Stories</answer>
</answers>
</question>
<question aggregation="union" answertype="resource" hybrid="false" id="8" onlydbo="false">
<string lang="en">Give me all cars that are produced in Netherlands.</string>
<keywords lang="en">cars, produced, Netherlands</keywords>
<query>PREFIX  dbo:  &lt;http://dbpedia.org/ontology/&gt;
PREFIX  res:  &lt;http://dbpedia.org/resource/&gt;
PREFIX  dbp:  &lt;http://dbpedia.org/property/&gt;
PREFIX  rdf:  &lt;http://www.w3.org/1999/02/22-rdf-syntax-ns#&gt;
SELECT DISTINCT  ?uri
WHERE
  { ?uri  rdf:type  dbo:Automobile
      { ?uri  dbo:assembly  res:Netherlands }
    UNION
      { ?uri  dbp:assembly  res:Netherlands }
    UNION
      {   { ?uri  dbo:manufacturer  ?x }
        UNION
          { ?uri  dbp:manufacturer  ?x }
          { ?x  dbo:locationCountry  res:Netherlands }
        UNION
          { ?x  dbo:location  res:Netherlands }
      }
  }
</query>
<answers>
<answer>http://dbpedia.org/resource/DAF_Daffodil</answer>
<answer>http://dbpedia.org/resource/Mitsubishi_Space_Star</answer>
<answer>http://dbpedia.org/resource/Smart_Forfour</answer>
<answer>http://dbpedia.org/resource/DAF_44</answer>
<answer>http://dbpedia.org/resource/Austin_A40_Farina</answer>
<answer>http://dbpedia.org/resource/Ford_Cortina__Mark_II__1</answer>
<answer>http://dbpedia.org/resource/Ford_Cortina__Mark_I__1</answer>
<answer>http://dbpedia.org/resource/Ford_Cortina__TC_Mark_III__1</answer>
<answer>http://dbpedia.org/resource/Mitsubishi_Outlander__Second_generation__1</answer>
<answer>http://dbpedia.org/resource/Volvo_300_Series</answer>
<answer>http://dbpedia.org/resource/DAF_XF</answer>
<answer>http://dbpedia.org/resource/Mini_Hatch</answer>
<answer>http://dbpedia.org/resource/DAF_F218_series</answer>
<answer>http://dbpedia.org/resource/DAF_F241_series</answer>
<answer>http://dbpedia.org/resource/Mitsubishi_Outlander</answer>
<answer>http://dbpedia.org/resource/Spyker_D8</answer>
<answer>http://dbpedia.org/resource/Spyker_B6</answer>
<answer>http://dbpedia.org/resource/Spyker_C12_Zagato</answer>
<answer>http://dbpedia.org/resource/Spyker_C8</answer>
<answer>http://dbpedia.org/resource/Saab_9-5</answer>
<answer>http://dbpedia.org/resource/Saab_9-3</answer>
<answer>http://dbpedia.org/resource/Spyker_E12</answer>
<answer>http://dbpedia.org/resource/Spyker_C12_La_Turbie</answer>
<answer>http://dbpedia.org/resource/Renault–Nissan_Common_Module_Family</answer>
<answer>http://dbpedia.org/resource/DAF_33</answer>
<answer>http://dbpedia.org/resource/DAF_MB200</answer>
<answer>http://dbpedia.org/resource/DAF_SB220</answer>
<answer>http://dbpedia.org/resource/VDL_SB200</answer>
<answer>http://dbpedia.org/resource/VDL_SB120</answer>
</answers>
</question>
<question aggregation="true" answertype="resource" hybrid="false" id="9" onlydbo="false">
<string lang="en">Give me all companies in Jena.</string>
<keywords lang="en">companies, Jena</keywords>
<query>PREFIX  dbo:  &lt;http://dbpedia.org/ontology/&gt;
PREFIX  res:  &lt;http://dbpedia.org/resource/&gt;
PREFIX  rdfs: &lt;http://www.w3.org/2000/01/rdf-schema#&gt;
PREFIX  rdf:  &lt;http://www.w3.org/1999/02/22-rdf-syntax-ns#&gt;
SELECT DISTINCT  ?uri ?string
WHERE
  { ?uri  rdf:type  dbo:Company
      { ?uri  dbo:location  res:Jena }
    UNION
      { ?uri  dbo:headquarter  res:Jena }
    UNION
      { ?uri  dbo:locationCity  res:Jena }
    OPTIONAL
      { ?uri  rdfs:label  ?string
        FILTER ( lang(?string) = "en" )
      }
  }
</query>
<answers>
<answer>http://dbpedia.org/resource/Jenapharm</answer>
<answer>http://dbpedia.org/resource/Präzisionsteilefertigung_Steffen_Pfüller</answer>
<answer>http://dbpedia.org/resource/Jenoptik</answer>
<answer>http://dbpedia.org/resource/Analytik_Jena</answer>
<answer>http://dbpedia.org/resource/Intershop_Communications</answer>
<answer>http://dbpedia.org/resource/Carl_Zeiss_Meditec</answer>
</answers>
</question>
<question aggregation="false" answertype="resource" hybrid="false" id="10" onlydbo="false">
<string lang="en">Give me all inflows of the Lake Houston.</string>
<keywords lang="en">inflows, Lake Houston</keywords>
<query>PREFIX  dbo:  &lt;http://dbpedia.org/ontology/&gt;
SELECT DISTINCT  ?uri
WHERE
  { &lt;http://dbpedia.org/resource/Lake_Houston&gt;
              dbo:inflow  ?uri
  }
</query>
<answers>
<answer>http://dbpedia.org/resource/San_Jacinto_River_(Texas)</answer>
</answers>
</question>
<question aggregation="false" answertype="resource" hybrid="false" id="11" onlydbo="false">
<string lang="en">Give me all members of The Who.</string>
<keywords lang="en">members, The Who</keywords>
<query>PREFIX  dbo:  &lt;http://dbpedia.org/ontology/&gt;
PREFIX  res:  &lt;http://dbpedia.org/resource/&gt;
PREFIX  rdfs: &lt;http://www.w3.org/2000/01/rdf-schema#&gt;
SELECT DISTINCT  ?uri ?string
WHERE
  { res:The_Who  dbo:bandMember  ?uri
    OPTIONAL
      { ?uri  rdfs:label  ?string
        FILTER ( lang(?string) = "en" )
      }
  }
</query>
<answers>
<answer>http://dbpedia.org/resource/Pete_Townshend</answer>
<answer>http://dbpedia.org/resource/Roger_Daltrey</answer>
</answers>
</question>
<question aggregation="union" answertype="resource" hybrid="false" id="12" onlydbo="false">
<string lang="en">Give me all professional skateboarders from Sweden.</string>
<keywords lang="en">professional, skateboarders, Sweden</keywords>
<query>PREFIX  dbo:  &lt;http://dbpedia.org/ontology/&gt;
PREFIX  res:  &lt;http://dbpedia.org/resource/&gt;
PREFIX  rdfs: &lt;http://www.w3.org/2000/01/rdf-schema#&gt;
PREFIX  dbp:  &lt;http://dbpedia.org/property/&gt;
SELECT DISTINCT  ?uri ?string
WHERE
  { ?uri  dbo:occupation  res:Skateboarding
      { ?uri  dbo:birthPlace  res:Sweden }
    UNION
      { ?uri    dbo:birthPlace  ?place .
        ?place  dbo:country     res:Sweden
      }
    OPTIONAL
      { ?uri  rdfs:label  ?string
        FILTER ( lang(?string) = "en" )
      }
  }
</query>
<answers>
<answer>http://dbpedia.org/resource/Ali_Boulala</answer>
<answer>http://dbpedia.org/resource/Tony_Magnusson</answer>
</answers>
</question>
<question aggregation="true" answertype="resource" hybrid="false" id="13" onlydbo="false">
<string lang="en">Give me all soccer clubs in Qatar.</string>
<keywords lang="en">soccer clubs, Qatar</keywords>
<query>PREFIX  dbo:  &lt;http://dbpedia.org/ontology/&gt;
PREFIX  res:  &lt;http://dbpedia.org/resource/&gt;
PREFIX  rdfs: &lt;http://www.w3.org/2000/01/rdf-schema#&gt;
PREFIX  dbp:  &lt;http://dbpedia.org/property/&gt;
PREFIX  rdf:  &lt;http://www.w3.org/1999/02/22-rdf-syntax-ns#&gt;
SELECT DISTINCT  ?uri ?string
WHERE
  { ?uri  rdf:type  dbo:SoccerClub
      { ?uri  dbo:ground  res:Qatar }
    UNION
      { ?uri  dbp:ground  ?ground
        FILTER regex(?ground, "Qatar")
      }
    OPTIONAL
      { ?uri  rdfs:label  ?string
        FILTER ( lang(?string) = "en" )
      }
  }
</query>
<answers>
<answer>http://dbpedia.org/resource/Al-Shahania_Sports_Club</answer>
<answer>http://dbpedia.org/resource/Muaither_SC</answer>
<answer>http://dbpedia.org/resource/Al_Rayan_SC_Futsal_Team</answer>
<answer>http://dbpedia.org/resource/Al_Sadd_Futsal_Team</answer>
<answer>http://dbpedia.org/resource/Al-Khor_Sports_Club</answer>
<answer>http://dbpedia.org/resource/Umm_Salal_SC</answer>
<answer>http://dbpedia.org/resource/Al-Rayan_SC</answer>
<answer>http://dbpedia.org/resource/Al_Ahli_SC_(Doha)</answer>
<answer>http://dbpedia.org/resource/Al-Gharafa_Sports_Club</answer>
<answer>http://dbpedia.org/resource/Al_Kharaitiyat_SC</answer>
<answer>http://dbpedia.org/resource/El_Jaish_SC</answer>
<answer>http://dbpedia.org/resource/Lekhwiya_SC</answer>
<answer>http://dbpedia.org/resource/Al_Sadd_SC</answer>
<answer>http://dbpedia.org/resource/Al-Wakrah_Sport_Club</answer>
<answer>http://dbpedia.org/resource/Al-Arabi_FC_(Qatar)_Reserves</answer>
<answer>http://dbpedia.org/resource/Al-Arabi_SC_(Qatar)</answer>
<answer>http://dbpedia.org/resource/Qatar_SC</answer>
</answers>
</question>
<question aggregation="true" answertype="resource" hybrid="false" id="14" onlydbo="false">
<string lang="en">Give me all video games published by Black Isle Studios.</string>
<keywords lang="en">video games, published, Black Isle Studios</keywords>
<query>PREFIX  dbo:  &lt;http://dbpedia.org/ontology/&gt;
PREFIX  res:  &lt;http://dbpedia.org/resource/&gt;
PREFIX  rdfs: &lt;http://www.w3.org/2000/01/rdf-schema#&gt;
PREFIX  dbp:  &lt;http://dbpedia.org/property/&gt;
PREFIX  rdf:  &lt;http://www.w3.org/1999/02/22-rdf-syntax-ns#&gt;
SELECT DISTINCT  ?uri ?string
WHERE
  { ?uri  rdf:type  dbo:VideoGame
      { ?uri  dbp:publisher  "Black Isle Studios"@en }
    UNION
      { ?uri  dbo:publisher  res:Black_Isle_Studios }
    OPTIONAL
      { ?uri  rdfs:label  ?string
        FILTER ( lang(?string) = "en" )
      }
  }
</query>
<answers>
<answer>http://dbpedia.org/resource/Lionheart:_Legacy_of_the_Crusader</answer>
<answer>http://dbpedia.org/resource/Baldur&apos;s_Gate_II:_Throne_of_Bhaal</answer>
<answer>http://dbpedia.org/resource/Baldur&apos;s_Gate</answer>
<answer>http://dbpedia.org/resource/Baldur&apos;s_Gate:_Dark_Alliance</answer>
<answer>http://dbpedia.org/resource/Baldur&apos;s_Gate:_Tales_of_the_Sword_Coast</answer>
<answer>http://dbpedia.org/resource/Baldur&apos;s_Gate_II:_Shadows_of_Amn</answer>
</answers>
</question>
<question aggregation="false" answertype="resource" hybrid="false" id="15" onlydbo="false">
<string lang="en">Give me the children of David Foster.</string>
<keywords lang="en">children, David Foster</keywords>
<query>PREFIX  dbo:  &lt;http://dbpedia.org/ontology/&gt;
PREFIX  res:  &lt;http://dbpedia.org/resource/&gt;
SELECT DISTINCT  ?child
WHERE
  { res:David_Foster
              dbo:child  ?child
  }
</query>
<answers>
<answer>http://dbpedia.org/resource/Gigi_Hadid</answer>
<answer>http://dbpedia.org/resource/Brandon_&amp;_Leah</answer>
<answer>http://dbpedia.org/resource/Amy_S._Foster</answer>
<answer>http://dbpedia.org/resource/Sara_Michael_Foster</answer>
<answer>http://dbpedia.org/resource/Bella_Hadid</answer>
<answer>http://dbpedia.org/resource/Brody_Jenner</answer>
<answer>http://dbpedia.org/resource/Erin_Foster</answer>
</answers>
</question>
<question aggregation="false" answertype="string" hybrid="false" id="16" onlydbo="false">
<string lang="en">Give me the homepage of Metropolitan Home.</string>
<keywords lang="en">homepage, Metropolitan Home</keywords>
<query>PREFIX  res:  &lt;http://dbpedia.org/resource/&gt;
PREFIX  foaf: &lt;http://xmlns.com/foaf/0.1/&gt;
SELECT DISTINCT  ?string
WHERE
  { res:Metropolitan_Home
              foaf:homepage  ?string
  }
</query>
<answers>
<answer>http://www.pointclickhome.com/metropolitan_home</answer>
</answers>
</question>
<question aggregation="false" answertype="number" hybrid="false" id="17" onlydbo="false">
<string lang="en">How big is the Mammoth Pool Reservoir?</string>
<keywords lang="en">big, Mammoth Pool Reservoir</keywords>
<query>PREFIX  dbo:  &lt;http://dbpedia.org/ontology/&gt;
SELECT  ?area
WHERE
  { &lt;http://dbpedia.org/resource/Mammoth_Pool_Reservoir&gt;
              dbo:areaTotal  ?area
  }
</query>
<answers>
<answer>4.45154e+06</answer>
</answers>
</question>
<question aggregation="false" answertype="number" hybrid="false" id="18" onlydbo="false">
<string lang="en">How deep is Steinsee?</string>
<keywords lang="en">deep, Steinsee</keywords>
<query>PREFIX  dbo:  &lt;http://dbpedia.org/ontology/&gt;
SELECT DISTINCT  ?n
WHERE
  { &lt;http://dbpedia.org/resource/Steinsee&gt;
              dbo:maximumDepth  ?n
  }
</query>
<answers>
<answer>19.0</answer>
</answers>
</question>
<question aggregation="false" answertype="number" hybrid="false" id="19" onlydbo="false">
<string lang="en">How high is the Doe Hill Mountain?</string>
<keywords lang="en">high, Doe Hill Mountain</keywords>
<query>PREFIX  dbo:  &lt;http://dbpedia.org/ontology/&gt;
PREFIX  res:  &lt;http://dbpedia.org/resource/&gt;
SELECT  ?num
WHERE
  { res:Doe_Hill_Mountain
              dbo:elevation  ?num
  }
</query>
<answers>
<answer>1229.87</answer>
</answers>
</question>
<question aggregation="false" answertype="number" hybrid="false" id="20" onlydbo="false">
<string lang="en">How high is the Volcano Mountain?</string>
<keywords lang="en">high, Volcano Mountain</keywords>
<query>PREFIX  dbo:  &lt;http://dbpedia.org/ontology/&gt;
PREFIX  res:  &lt;http://dbpedia.org/resource/&gt;
SELECT  ?num
WHERE
  { res:Volcano_Mountain
              dbo:elevation  ?num
  }
</query>
<answers>
<answer>1239.0</answer>
</answers>
</question>
<question aggregation="false" answertype="number" hybrid="false" id="21" onlydbo="false">
<string lang="en">How high is the Landegode Lighthouse?</string>
<keywords lang="en">high, Landegode Lighthouse</keywords>
<query>PREFIX  dbo:  &lt;http://dbpedia.org/ontology/&gt;
PREFIX  res:  &lt;http://dbpedia.org/resource/&gt;
SELECT DISTINCT  ?num
WHERE
  { res:Landegode_Lighthouse
              dbo:height  ?num
  }
</query>
<answers>
<answer>29.0</answer>
</answers>
</question>
<question aggregation="false" answertype="number" hybrid="false" id="22" onlydbo="false">
<string lang="en">How many employees does Staedtler have?</string>
<keywords lang="en">many, employees, Staedtler</keywords>
<query>PREFIX  dbo:  &lt;http://dbpedia.org/ontology/&gt;
PREFIX  res:  &lt;http://dbpedia.org/resource/&gt;
SELECT  ?number
WHERE
  { res:Staedtler
              dbo:numberOfEmployees  ?number
  }
</query>
<answers>
<answer>3000</answer>
</answers>
</question>
<question aggregation="true" answertype="number" hybrid="false" id="23" onlydbo="false">
<string lang="en">How many ethnic groups live in Spain?</string>
<keywords lang="en">ethnic groups, live, Spain</keywords>
<query>PREFIX  dbo:  &lt;http://dbpedia.org/ontology/&gt;
PREFIX  res:  &lt;http://dbpedia.org/resource/&gt;
SELECT  (COUNT(DISTINCT ?uri) AS ?count)
WHERE
  { res:Spain  dbo:ethnicGroup  ?uri }
</query>
<answers>
<answer>1</answer>
</answers>
</question>
<question aggregation="false" answertype="number" hybrid="false" id="24" onlydbo="false">
<string lang="en">How many inhabitants does Nagamangala have?</string>
<keywords lang="en">inhabitants, Nagamangala</keywords>
<query>PREFIX  dbo:  &lt;http://dbpedia.org/ontology/&gt;
PREFIX  res:  &lt;http://dbpedia.org/resource/&gt;
SELECT  ?num
WHERE
  { res:Nagamangala
              dbo:populationTotal  ?num
  }
</query>
<answers>
<answer>17776</answer>
</answers>
</question>
<question aggregation="true" answertype="number" hybrid="false" id="25" onlydbo="false">
<string lang="en">How many museums does Sofia have?</string>
<keywords lang="en">museums, Sofia</keywords>
<query>PREFIX  dbo:  &lt;http://dbpedia.org/ontology/&gt;
PREFIX  res:  &lt;http://dbpedia.org/resource/&gt;
PREFIX  rdf:  &lt;http://www.w3.org/1999/02/22-rdf-syntax-ns#&gt;
SELECT  (COUNT(DISTINCT ?uri) AS ?count)
WHERE
  { ?uri  rdf:type      dbo:Museum ;
          dbo:location  res:Sofia
  }
</query>
<answers>
<answer>4</answer>
</answers>
</question>
<question aggregation="false" answertype="number" hybrid="false" id="26" onlydbo="false">
<string lang="en">How many pages does The Man with the Red Tattoo have?</string>
<keywords lang="en">pages, The Man with the Red Tattoo</keywords>
<query>PREFIX  dbo:  &lt;http://dbpedia.org/ontology/&gt;
PREFIX  res:  &lt;http://dbpedia.org/resource/&gt;
SELECT DISTINCT  ?n
WHERE
  { res:The_Man_with_the_Red_Tattoo
              dbo:numberOfPages  ?n
  }
</query>
<answers>
<answer>320</answer>
</answers>
</question>
<question aggregation="false" answertype="number" hybrid="false" id="27" onlydbo="false">
<string lang="en">How many people live in the capital of Togo?</string>
<keywords lang="en">people, live, capital, Togo </keywords>
<query>PREFIX  dbo:  &lt;http://dbpedia.org/ontology/&gt;
PREFIX  res:  &lt;http://dbpedia.org/resource/&gt;
SELECT  ?num
WHERE
  { res:Togo  dbo:capital          ?x .
    ?x        dbo:populationTotal  ?num
  }
</query>
<answers>
<answer>837437</answer>
</answers>
</question>
<question aggregation="true" answertype="number" hybrid="false" id="28" onlydbo="false">
<string lang="en">How many politicians graduated from Stanford University?</string>
<keywords lang="en">politicians, graduated, Stanford University</keywords>
<query>PREFIX  dbo:  &lt;http://dbpedia.org/ontology/&gt;
PREFIX  res:  &lt;http://dbpedia.org/resource/&gt;
SELECT  (COUNT(DISTINCT ?uri) AS ?count)
WHERE
  { ?uri  dbo:profession  res:Politician ;
          dbo:almaMater   res:Stanford_University
  }
</query>
<answers>
<answer>11</answer>
</answers>
</question>
<question aggregation="true" answertype="number" hybrid="false" id="29" onlydbo="false">
<string lang="en">How many scientists graduated from Washburn University?</string>
<keywords lang="en">scientists, graduated, Washburn University</keywords>
<query>PREFIX  dbo:  &lt;http://dbpedia.org/ontology/&gt;
PREFIX  res:  &lt;http://dbpedia.org/resource/&gt;
PREFIX  rdf:  &lt;http://www.w3.org/1999/02/22-rdf-syntax-ns#&gt;
SELECT  (COUNT(DISTINCT ?uri) AS ?count)
WHERE
  { ?uri  rdf:type       dbo:Scientist ;
          dbo:almaMater  res:Washburn_University
  }
</query>
<answers>
<answer>2</answer>
</answers>
</question>
<question aggregation="false" answertype="number" hybrid="false" id="30" onlydbo="false">
<string lang="en">How many students does the Texas Tech University have?</string>
<keywords lang="en">students, Texas Tech University</keywords>
<query>PREFIX  dbo:  &lt;http://dbpedia.org/ontology/&gt;
PREFIX  res:  &lt;http://dbpedia.org/resource/&gt;
SELECT  ?num
WHERE
  { res:Texas_Tech_University
              dbo:numberOfStudents  ?num
  }
</query>
<answers>
<answer>35893</answer>
</answers>
</question>
<question aggregation="false" answertype="number" hybrid="false" id="31" onlydbo="false">
<string lang="en">How much did Vanilla Sky cost?</string>
<keywords lang="en">Vanilla Sky, cost</keywords>
<query>PREFIX  dbo:  &lt;http://dbpedia.org/ontology/&gt;
PREFIX  res:  &lt;http://dbpedia.org/resource/&gt;
SELECT DISTINCT  ?n
WHERE
  { res:Vanilla_Sky
              dbo:budget  ?n
  }
</query>
<answers>
<answer>6.8E7</answer>
</answers>
</question>
<question aggregation="true" answertype="number" hybrid="false" id="32" onlydbo="false">
<string lang="en">How often did Teresa Mo marry?</string>
<keywords lang="en">Teresa Mo, marry</keywords>
<query>PREFIX  dbo:  &lt;http://dbpedia.org/ontology/&gt;
PREFIX  res:  &lt;http://dbpedia.org/resource/&gt;
SELECT  (COUNT(DISTINCT ?uri) AS ?count)
WHERE
  { res:Teresa_Mo
              dbo:spouse  ?uri
  }
</query>
<answers>
<answer>1</answer>
</answers>
</question>
<question aggregation="false" answertype="number" hybrid="false" id="33" onlydbo="false">
<string lang="en">How tall is John Windsor?</string>
<keywords lang="en">tall, John Windsor</keywords>
<query>PREFIX  dbo:  &lt;http://dbpedia.org/ontology/&gt;
PREFIX  res:  &lt;http://dbpedia.org/resource/&gt;
SELECT  ?num
WHERE
  { res:John_Windsor
              dbo:height  ?num
  }
</query>
<answers>
<answer>2.032</answer>
</answers>
</question>
<question aggregation="false" answertype="number" hybrid="false" id="34" onlydbo="false">
<string lang="en">How tall is Kate Upton?</string>
<keywords lang="en">tall, Kate Upton</keywords>
<query>PREFIX  dbo:  &lt;http://dbpedia.org/ontology/&gt;
PREFIX  res:  &lt;http://dbpedia.org/resource/&gt;
SELECT DISTINCT  ?height
WHERE
  { res:Kate_Upton
              dbo:height  ?height
  }
</query>
<answers>
<answer>1.778</answer>
</answers>
</question>
<question aggregation="false" answertype="resource" hybrid="false" id="35" onlydbo="false">
<string lang="en">In which country is Solaize located?</string>
<keywords lang="en">country, Solaize, located</keywords>
<query>PREFIX  dbo:  &lt;http://dbpedia.org/ontology/&gt;
PREFIX  res:  &lt;http://dbpedia.org/resource/&gt;
SELECT DISTINCT  ?uri
WHERE
  { res:Solaize  dbo:country  ?uri }
</query>
<answers>
<answer>http://dbpedia.org/resource/France</answer>
</answers>
</question>
<question aggregation="false" answertype="resource" hybrid="false" id="36" onlydbo="false">
<string lang="en">In which country is the Tasman Lake?</string>
<keywords lang="en">country, Tasman Lake</keywords>
<query>PREFIX  dbo:  &lt;http://dbpedia.org/ontology/&gt;
PREFIX  res:  &lt;http://dbpedia.org/resource/&gt;
SELECT DISTINCT  ?uri
WHERE
  { res:Tasman_Lake
              dbo:country  ?uri
  }
</query>
<answers>
<answer>http://dbpedia.org/resource/New_Zealand</answer>
</answers>
</question>
<question aggregation="false" answertype="resource" hybrid="false" id="37" onlydbo="false">
<string lang="en">In which country is the Tiefer See?</string>
<keywords lang="en">country, Tiefer See</keywords>
<query>PREFIX  dbo:  &lt;http://dbpedia.org/ontology/&gt;
PREFIX  res:  &lt;http://dbpedia.org/resource/&gt;
PREFIX  rdfs: &lt;http://www.w3.org/2000/01/rdf-schema#&gt;
SELECT DISTINCT  ?uri ?string
WHERE
  { res:Tiefer_See
              dbo:country  ?uri
    OPTIONAL
      { ?uri  rdfs:label  ?string
        FILTER ( lang(?string) = "en" )
      }
  }
</query>
<answers>
<answer>http://dbpedia.org/resource/Germany</answer>
</answers>
</question>
<question aggregation="false" answertype="resource" hybrid="false" id="38" onlydbo="false">
<string lang="en">In which programming language is QuickTime written?</string>
<keywords lang="en">programming language, QuickTime, written</keywords>
<query>PREFIX  dbo:  &lt;http://dbpedia.org/ontology/&gt;
PREFIX  res:  &lt;http://dbpedia.org/resource/&gt;
PREFIX  rdfs: &lt;http://www.w3.org/2000/01/rdf-schema#&gt;
SELECT DISTINCT  ?uri ?string
WHERE
  { res:QuickTime
              dbo:programmingLanguage  ?uri
    OPTIONAL
      { ?uri  rdfs:label  ?string
        FILTER ( lang(?string) = "en" )
      }
  }
</query>
<answers>
<answer>http://dbpedia.org/resource/C_(programming_language)</answer>
<answer>http://dbpedia.org/resource/Objective-C</answer>
</answers>
</question>
<question aggregation="false" answertype="boolean" hybrid="false" id="39" onlydbo="false">
<string lang="en">Is Campari a beverage?</string>
<keywords lang="en">Campari, beverage</keywords>
<query>PREFIX  dbo:  &lt;http://dbpedia.org/ontology/&gt;
PREFIX  res:  &lt;http://dbpedia.org/resource/&gt;
PREFIX  rdf:  &lt;http://www.w3.org/1999/02/22-rdf-syntax-ns#&gt;
ASK
WHERE
  { res:Campari  rdf:type  dbo:Beverage }
</query>
<answers>
<answer>true</answer>
</answers>
</question>
<question aggregation="false" answertype="boolean" hybrid="false" id="40" onlydbo="false">
<string lang="en">Is Lisa Guerrero a model?</string>
<keywords lang="en">Lisa Guerrero, model</keywords>
<query>PREFIX  dbo:  &lt;http://dbpedia.org/ontology/&gt;
PREFIX  res:  &lt;http://dbpedia.org/resource/&gt;
PREFIX  rdf:  &lt;http://www.w3.org/1999/02/22-rdf-syntax-ns#&gt;
ASK
WHERE
  { res:Lisa_Guerrero
              rdf:type  dbo:Model
  }
</query>
<answers>
<answer>true</answer>
</answers>
</question>
<question aggregation="false" answertype="boolean" hybrid="false" id="41" onlydbo="false">
<string lang="en">Is Sol Tax a scientist?</string>
<keywords lang="en">Sol Tax, scientist</keywords>
<query>PREFIX  dbo:  &lt;http://dbpedia.org/ontology/&gt;
PREFIX  res:  &lt;http://dbpedia.org/resource/&gt;
PREFIX  rdf:  &lt;http://www.w3.org/1999/02/22-rdf-syntax-ns#&gt;
ASK
WHERE
  { res:Sol_Tax  rdf:type  dbo:Scientist }
</query>
<answers>
<answer>true</answer>
</answers>
</question>
<question aggregation="false" answertype="boolean" hybrid="false" id="42" onlydbo="false">
<string lang="en">Is Joe Biden a democrat?</string>
<keywords lang="en">Joe Biden, democrat</keywords>
<query>PREFIX  dbo:  &lt;http://dbpedia.org/ontology/&gt;
PREFIX  res:  &lt;http://dbpedia.org/resource/&gt;
ASK
WHERE
  { res:Joe_Biden
              dbo:party  &lt;http://dbpedia.org/resource/Democratic_Party_(United_States)&gt;
  }
</query>
<answers>
<answer>true</answer>
</answers>
</question>
<question aggregation="true" answertype="boolean" hybrid="false" id="43" onlydbo="false">
<string lang="en">Is David Macaulay still alive?</string>
<keywords lang="en">David Macaulay, alive</keywords>
<query>PREFIX  dbo:  &lt;http://dbpedia.org/ontology/&gt;
PREFIX  res:  &lt;http://dbpedia.org/resource/&gt;
ASK
WHERE
  { OPTIONAL
      { res:David_Macaulay
                  dbo:deathDate  ?date
      }
    FILTER ( ! bound(?date) )
  }
</query>
<answers>
<answer>true</answer>
</answers>
</question>
<question aggregation="false" answertype="boolean" hybrid="false" id="44" onlydbo="false">
<string lang="en">Is Wilma Flintstone married?</string>
<keywords lang="en">Wilma Flintstone, married</keywords>
<query>PREFIX  dbo:  &lt;http://dbpedia.org/ontology/&gt;
PREFIX  res:  &lt;http://dbpedia.org/resource/&gt;
ASK
WHERE
  { res:Wilma_Flintstone
              dbo:spouse  ?uri
  }
</query>
<answers>
<answer>true</answer>
</answers>
</question>
<question aggregation="false" answertype="boolean" hybrid="false" id="45" onlydbo="false">
<string lang="en">Is there a video game called Flappy Bird?</string>
<keywords lang="en">video, game, called, Flappy Bird</keywords>
<query>PREFIX  dbo:  &lt;http://dbpedia.org/ontology/&gt;
PREFIX  rdfs: &lt;http://www.w3.org/2000/01/rdf-schema#&gt;
PREFIX  rdf:  &lt;http://www.w3.org/1999/02/22-rdf-syntax-ns#&gt;
ASK
WHERE
  { ?uri  rdf:type    dbo:VideoGame ;
          rdfs:label  "Flappy Bird"@en
  }
</query>
<answers>
<answer>true</answer>
</answers>
</question>
<question aggregation="union" answertype="resource" hybrid="false" id="46" onlydbo="false">
<string lang="en">Show me everyone who was born on Boxing Day.</string>
<keywords lang="en">born, Boxing_Day</keywords>
<query>PREFIX  dbo:  &lt;http://dbpedia.org/ontology/&gt;
PREFIX  res:  &lt;http://dbpedia.org/resource/&gt;
PREFIX  dbp:  &lt;http://dbpedia.org/property/&gt;
PREFIX  rdf:  &lt;http://www.w3.org/1999/02/22-rdf-syntax-ns#&gt;
SELECT DISTINCT  ?uri
WHERE
  { ?uri  rdf:type  dbo:Person
      { ?uri  dbo:birthDate  ?date }
    UNION
      { ?uri  dbp:birthDate  ?date }
    res:Boxing_Day
              dbp:date  ?date
  }
</query>
<answers>
<answer>http://dbpedia.org/resource/Michael_Ponikvar</answer>
<answer>http://dbpedia.org/resource/Shivam_Patil</answer>
<answer>http://dbpedia.org/resource/Hiro-x</answer>
<answer>http://dbpedia.org/resource/Jan_Halvarsson</answer>
<answer>http://dbpedia.org/resource/Lizz_Njagah</answer>
</answers>
</question>
<question aggregation="false" answertype="boolean" hybrid="false" id="47" onlydbo="false">
<string lang="en">Was Peter Isola a chemist?</string>
<keywords lang="en">Peter Isola, chemist</keywords>
<query>PREFIX  dbo:  &lt;http://dbpedia.org/ontology/&gt;
PREFIX  res:  &lt;http://dbpedia.org/resource/&gt;
ASK
WHERE
  { res:Peter_Isola
              dbo:profession  res:Chemist
  }
</query>
<answers>
<answer>false</answer>
</answers>
</question>
<question aggregation="false" answertype="boolean" hybrid="false" id="48" onlydbo="false">
<string lang="en">Was Denis Dutton born in Sioux City?</string>
<keywords lang="en">Denis Dutton, born, Sioux City</keywords>
<query>PREFIX  dbo:  &lt;http://dbpedia.org/ontology/&gt;
PREFIX  res:  &lt;http://dbpedia.org/resource/&gt;
ASK
WHERE
  { res:Denis_Dutton
              dbo:birthPlace  res:Sioux_City
  }
</query>
<answers>
<answer>false</answer>
</answers>
</question>
<question aggregation="false" answertype="boolean" hybrid="false" id="49" onlydbo="false">
<string lang="en">Was Vannes Wu born in Aachen-Mitte?</string>
<keywords lang="en">Vanness Wu, born, Aachen-Mitte</keywords>
<query>PREFIX  dbo:  &lt;http://dbpedia.org/ontology/&gt;
PREFIX  res:  &lt;http://dbpedia.org/resource/&gt;
ASK
WHERE
  { res:Vanness_Wu
              dbo:birthPlace  res:Aachen-Mitte
  }
</query>
<answers>
<answer>false</answer>
</answers>
</question>
<question aggregation="true" answertype="boolean" hybrid="false" id="50" onlydbo="false">
<string lang="en">Was the band Led Zeppelin founded before DJ Tomekk was born?</string>
<keywords lang="en">band, Led Zeppelin, founded, DJ Tomekk, born</keywords>
<query>PREFIX  dbo:  &lt;http://dbpedia.org/ontology/&gt;
PREFIX  res:  &lt;http://dbpedia.org/resource/&gt;
PREFIX  mo:   &lt;http://purl.org/ontology/mo/&gt;
PREFIX  rdf:  &lt;http://www.w3.org/1999/02/22-rdf-syntax-ns#&gt;
PREFIX  bio:  &lt;http://purl.org/vocab/bio/0.1/&gt;
PREFIX  foaf: &lt;http://xmlns.com/foaf/0.1/&gt;
ASK
WHERE
  { { ?band  foaf:name  ?name
      FILTER regex(?name, "Led Zeppelin")
    }
    ?band     dbo:activeYearsStartYear  ?date1 .
    res:DJ_Tomekk
              dbo:birthDate         ?date2
    FILTER ( ?date1 &lt;= ?date2 )
  }
</query>
<answers>
<answer>true</answer>
</answers>
</question>
<question aggregation="true" answertype="boolean" hybrid="false" id="51" onlydbo="false">
<string lang="en">Was the band ZZ Top founded before Macklemore was born?</string>
<keywords lang="en">band, ZZ Top, founded, Macklemore, born</keywords>
<query>PREFIX  dbo:  &lt;http://dbpedia.org/ontology/&gt;
PREFIX  res:  &lt;http://dbpedia.org/resource/&gt;
PREFIX  mo:   &lt;http://purl.org/ontology/mo/&gt;
PREFIX  rdf:  &lt;http://www.w3.org/1999/02/22-rdf-syntax-ns#&gt;
PREFIX  bio:  &lt;http://purl.org/vocab/bio/0.1/&gt;
PREFIX  foaf: &lt;http://xmlns.com/foaf/0.1/&gt;
ASK
WHERE
  { { ?band  foaf:name  ?name
      FILTER regex(?name, "ZZ Top")
    }
    ?band     dbo:activeYearsStartYear  ?date1 .
    res:DJ_Tomekk
              dbo:birthDate         ?date2
    FILTER ( ?date1 &lt;= ?date2 )
  }
</query>
<answers>
<answer>true</answer>
</answers>
</question>
<question aggregation="false" answertype="resource" hybrid="false" id="52" onlydbo="false">
<string lang="en">What are the official languages of Tunisia?</string>
<keywords lang="en">official, languages, Tunisia</keywords>
<query>PREFIX  dbo:  &lt;http://dbpedia.org/ontology/&gt;
PREFIX  res:  &lt;http://dbpedia.org/resource/&gt;
PREFIX  rdfs: &lt;http://www.w3.org/2000/01/rdf-schema#&gt;
SELECT DISTINCT  ?uri ?string
WHERE
  { res:Tunisia  dbo:officialLanguage  ?uri
    OPTIONAL
      { ?uri  rdfs:label  ?string
        FILTER ( lang(?string) = "en" )
      }
  }
</query>
<answers>
<answer>http://dbpedia.org/resource/Arabic</answer>
</answers>
</question>
<question aggregation="false" answertype="string" hybrid="false" id="53" onlydbo="false">
<string lang="en">What is the area code of Aegina?</string>
<keywords lang="en">area code, Aegina</keywords>
<query>PREFIX  dbo:  &lt;http://dbpedia.org/ontology/&gt;
PREFIX  res:  &lt;http://dbpedia.org/resource/&gt;
PREFIX  rdf:  &lt;http://www.w3.org/1999/02/22-rdf-syntax-ns#&gt;
SELECT DISTINCT  ?string
WHERE
  { res:Aegina  dbo:areaCode  ?string }
</query>
<answers>
<answer>2297</answer>
</answers>
</question>
<question aggregation="false" answertype="resource" hybrid="false" id="54" onlydbo="false">
<string lang="en">What is the capital of Venezuela?</string>
<keywords lang="en">capital, Venezuela</keywords>
<query>PREFIX  dbo:  &lt;http://dbpedia.org/ontology/&gt;
PREFIX  res:  &lt;http://dbpedia.org/resource/&gt;
PREFIX  rdfs: &lt;http://www.w3.org/2000/01/rdf-schema#&gt;
SELECT DISTINCT  ?uri ?string
WHERE
  { res:Venezuela
              dbo:capital  ?uri
    OPTIONAL
      { ?uri  rdfs:label  ?string
        FILTER ( lang(?string) = "en" )
      }
  }
</query>
<answers>
<answer>http://dbpedia.org/resource/Caracas</answer>
</answers>
</question>
<question aggregation="false" answertype="resource" hybrid="false" id="55" onlydbo="false">
<string lang="en">What is the currency of Rhodesia?</string>
<keywords lang="en">currency, Rhodesia</keywords>
<query>PREFIX  dbo:  &lt;http://dbpedia.org/ontology/&gt;
PREFIX  res:  &lt;http://dbpedia.org/resource/&gt;
PREFIX  rdfs: &lt;http://www.w3.org/2000/01/rdf-schema#&gt;
SELECT DISTINCT  ?uri ?string
WHERE
  { res:Rhodesia  dbo:currency  ?uri
    OPTIONAL
      { ?uri  rdfs:label  ?string
        FILTER ( lang(?string) = "en" )
      }
  }
</query>
<answers>
<answer>http://dbpedia.org/resource/Rhodesian_dollar</answer>
<answer>http://dbpedia.org/resource/Rhodesian_pound</answer>
</answers>
</question>
<question aggregation="false" answertype="string" hybrid="false" id="56" onlydbo="false">
<string lang="en">What is the eye color of Liza Kennedy?</string>
<keywords lang="en">eye color, Liza Kennedy</keywords>
<query>PREFIX  dbo:  &lt;http://dbpedia.org/ontology/&gt;
PREFIX  res:  &lt;http://dbpedia.org/resource/&gt;
SELECT DISTINCT  ?color
WHERE
  { res:Liza_Kennedy
              dbo:eyeColor  ?color
  }
</query>
<answers>
<answer>Dark brown</answer>
</answers>
</question>
<question aggregation="false" answertype="string" hybrid="false" id="57" onlydbo="false">
<string lang="en">What is the hair color of Marlon Teixeira?</string>
<keywords lang="en">hair color, Marlon Teixeira</keywords>
<query>PREFIX  dbo:  &lt;http://dbpedia.org/ontology/&gt;
PREFIX  res:  &lt;http://dbpedia.org/resource/&gt;
SELECT DISTINCT  ?color
WHERE
  { res:Marlon_Teixeira
              dbo:hairColor  ?color
  }
</query>
<answers>
<answer>Brown</answer>
</answers>
</question>
<question aggregation="false" answertype="string" hybrid="false" id="58" onlydbo="false">
<string lang="en">What is the official color of the Carleton University?</string>
<keywords lang="en">official color, Carleton University</keywords>
<query>PREFIX  dbo:  &lt;http://dbpedia.org/ontology/&gt;
PREFIX  res:  &lt;http://dbpedia.org/resource/&gt;
SELECT DISTINCT  ?string
WHERE
  { res:Carleton_University
              dbo:officialSchoolColour  ?string
  }
</query>
<answers>
<answer>Black and red</answer>
</answers>
</question>
<question aggregation="false" answertype="resource" hybrid="false" id="59" onlydbo="false">
<string lang="en">What is the ruling party in Lo Espejo?</string>
<keywords lang="en">ruling party, Lo Espejo</keywords>
<query>PREFIX  res:  &lt;http://dbpedia.org/resource/&gt;
PREFIX  rdfs: &lt;http://www.w3.org/2000/01/rdf-schema#&gt;
PREFIX  dbp:  &lt;http://dbpedia.org/property/&gt;
SELECT DISTINCT  ?uri ?string
WHERE
  { res:Lo_Espejo
              dbp:leaderParty  ?uri
    OPTIONAL
      { ?uri  rdfs:label  ?string
        FILTER ( lang(?string) = "en" )
      }
  }
</query>
<answers>
<answer>http://dbpedia.org/resource/Party_for_Democracy_(Chile)</answer>
</answers>
</question>
<question aggregation="false" answertype="date" hybrid="false" id="60" onlydbo="false">
<string lang="en">When did Jules Bergman die?</string>
<keywords lang="en">Jules Bergman, die</keywords>
<query>PREFIX  dbo:  &lt;http://dbpedia.org/ontology/&gt;
PREFIX  res:  &lt;http://dbpedia.org/resource/&gt;
SELECT DISTINCT  ?date
WHERE
  { res:Jules_Bergman
              dbo:deathDate  ?date
  }
</query>
<answers>
<answer>1987-02-11</answer>
</answers>
</question>
<question aggregation="false" answertype="date" hybrid="false" id="61" onlydbo="false">
<string lang="en">When did Red Sonja's creator die?</string>
<keywords lang="en">Red Sonja, creator die</keywords>
<query>PREFIX  dbo:  &lt;http://dbpedia.org/ontology/&gt;
PREFIX  res:  &lt;http://dbpedia.org/resource/&gt;
SELECT DISTINCT  ?date
WHERE
  { res:Red_Sonja
              dbo:creator    ?x .
    ?x        dbo:deathDate  ?date
  }
</query>
<answers>
<answer>1936-06-11</answer>
</answers>
</question>
<question aggregation="false" answertype="date" hybrid="false" id="62" onlydbo="false">
<string lang="en">When is Gibraltar Diamond Jubilee Flotilla?</string>
<keywords lang="en">Gibraltar Diamon Jubilee Flotilla</keywords>
<query>PREFIX  res:  &lt;http://dbpedia.org/resource/&gt;
PREFIX  dbp:  &lt;http://dbpedia.org/property/&gt;
SELECT DISTINCT  ?date
WHERE
  { res:Gibraltar_Diamond_Jubilee_Flotilla
              dbp:date  ?date
  }
</query>
<answers>
<answer>2012-06-04</answer>
</answers>
</question>
<question aggregation="false" answertype="date" hybrid="false" id="63" onlydbo="false">
<string lang="en">When was Sevcon founded?</string>
<keywords lang="en">Sevcon, founded</keywords>
<query>PREFIX  dbo:  &lt;http://dbpedia.org/ontology/&gt;
PREFIX  res:  &lt;http://dbpedia.org/resource/&gt;
SELECT DISTINCT  ?date
WHERE
  { res:Sevcon  dbo:foundingDate  ?date }
</query>
<answers>
<answer>1961-04-04</answer>
</answers>
</question>
<question aggregation="false" answertype="date" hybrid="false" id="64" onlydbo="false">
<string lang="en">When was Albert Schweitzer born?</string>
<keywords lang="en">Albert Schweitzer, born</keywords>
<query>PREFIX  dbo:  &lt;http://dbpedia.org/ontology/&gt;
PREFIX  res:  &lt;http://dbpedia.org/resource/&gt;
SELECT DISTINCT  ?date
WHERE
  { res:Albert_Schweitzer
              dbo:birthDate  ?date
  }
</query>
<answers>
<answer>1875-01-14</answer>
</answers>
</question>
<question aggregation="false" answertype="number" hybrid="false" id="65" onlydbo="false">
<string lang="en">When was the Cobble Hill Tunnel built?</string>
<keywords lang="en">Cobble Hill Tunnel, built</keywords>
<query>PREFIX  res:  &lt;http://dbpedia.org/resource/&gt;
PREFIX  dbp:  &lt;http://dbpedia.org/property/&gt;
SELECT  ?num
WHERE
  { res:Cobble_Hill_Tunnel
              dbp:built  ?num
  }
</query>
<answers>
<answer>1844</answer>
</answers>
</question>
<question aggregation="false" answertype="number" hybrid="false" id="66" onlydbo="false">
<string lang="en">When was the Riverdale Monument built?</string>
<keywords lang="en">Riverdale Monument, built</keywords>
<query>PREFIX  res:  &lt;http://dbpedia.org/resource/&gt;
PREFIX  dbp:  &lt;http://dbpedia.org/property/&gt;
SELECT  ?num
WHERE
  { res:Riverdale_Monument
              dbp:built  ?num
  }
</query>
<answers>
<answer>1930-09-17</answer>
</answers>
</question>
<question aggregation="false" answertype="date" hybrid="false" id="67" onlydbo="false">
<string lang="en">When was the Operation Purple Haze?</string>
<keywords lang="en">Operation Purple Haze</keywords>
<query>PREFIX  dbo:  &lt;http://dbpedia.org/ontology/&gt;
PREFIX  res:  &lt;http://dbpedia.org/resource/&gt;
SELECT DISTINCT  ?date
WHERE
  { res:Operation_Purple_Haze
              dbo:date  ?date
  }
</query>
<answers>
<answer>2007-07-15</answer>
</answers>
</question>
<question aggregation="false" answertype="resource" hybrid="false" id="68" onlydbo="false">
<string lang="en">Where did Queen Emma of Hawaii  die?</string>
<keywords lang="en">Queen Emma of Hawaii , die</keywords>
<query>PREFIX  dbo:  &lt;http://dbpedia.org/ontology/&gt;
PREFIX  res:  &lt;http://dbpedia.org/resource/&gt;
SELECT DISTINCT  ?uri
WHERE
  { res:Queen_Emma_of_Hawaii
              dbo:deathPlace  ?uri
  }
</query>
<answers>
<answer>http://dbpedia.org/resource/Oahu</answer>
<answer>http://dbpedia.org/resource/Honolulu</answer>
</answers>
</question>
<question aggregation="false" answertype="resource" hybrid="false" id="69" onlydbo="false">
<string lang="en">Where is the Sandhammaren located?</string>
<keywords lang="en">Sandhammaren, located</keywords>
<query>PREFIX  dbo:  &lt;http://dbpedia.org/ontology/&gt;
PREFIX  res:  &lt;http://dbpedia.org/resource/&gt;
SELECT DISTINCT  ?uri
WHERE
  { res:Sandhammaren
              dbo:location  ?uri
  }
</query>
<answers>
<answer>http://dbpedia.org/resource/Sweden</answer>
<answer>http://dbpedia.org/resource/Ystad</answer>
</answers>
</question>
<question aggregation="union" answertype="resource" hybrid="false" id="70" onlydbo="false">
<string lang="en">Which airports are located in Chios?</string>
<keywords lang="en">airports, located, Chios</keywords>
<query>PREFIX  dbo:  &lt;http://dbpedia.org/ontology/&gt;
PREFIX  res:  &lt;http://dbpedia.org/resource/&gt;
PREFIX  dbp:  &lt;http://dbpedia.org/property/&gt;
PREFIX  rdf:  &lt;http://www.w3.org/1999/02/22-rdf-syntax-ns#&gt;
SELECT DISTINCT  ?uri
WHERE
  { ?uri  rdf:type  dbo:Airport
      { ?uri  dbo:location  res:Chios }
    UNION
      { ?uri  dbp:location  res:Chios }
    UNION
      { ?uri  dbo:city  res:Chios }
    UNION
      { ?uri   dbo:city      ?city .
        ?city  dbo:isPartOf  res:Chios
      }
    UNION
      { ?uri  dbo:operator  res:Chios }
    UNION
      { ?uri  dbp:cityServed  res:Chios }
  }
</query>
<answers>
<answer>http://dbpedia.org/resource/Chios_Island_National_Airport</answer>
</answers>
</question>
<question aggregation="false" answertype="resource" hybrid="false" id="71" onlydbo="false">
<string lang="en">Which artist made the album Old School Prankstas?</string>
<keywords lang="en">artist, made, album, Old School Prankstas</keywords>
<query>PREFIX  dbo:  &lt;http://dbpedia.org/ontology/&gt;
SELECT DISTINCT  ?uri
WHERE
  { &lt;http://dbpedia.org/resource/Old_School_Prankstas&gt;
              dbo:artist  ?uri
  }
</query>
<answers>
<answer>http://dbpedia.org/resource/3_the_Hard_Way</answer>
</answers>
</question>
<question aggregation="false" answertype="resource" hybrid="false" id="72" onlydbo="false">
<string lang="en">Which books were published by DAW Books?</string>
<keywords lang="en">books, published, DAW Books</keywords>
<query>PREFIX  dbo:  &lt;http://dbpedia.org/ontology/&gt;
PREFIX  res:  &lt;http://dbpedia.org/resource/&gt;
PREFIX  rdfs: &lt;http://www.w3.org/2000/01/rdf-schema#&gt;
PREFIX  rdf:  &lt;http://www.w3.org/1999/02/22-rdf-syntax-ns#&gt;
SELECT DISTINCT  ?uri ?string
WHERE
  { ?uri  rdf:type       dbo:Book ;
          dbo:publisher  res:DAW_Books
    OPTIONAL
      { ?uri  rdfs:label  ?string
        FILTER ( lang(?string) = "en" )
      }
  }
</query>
<answers>
<answer>http://dbpedia.org/resource/ReVisions</answer>
<answer>http://dbpedia.org/resource/Regenesis_(novel)</answer>
<answer>http://dbpedia.org/resource/Fitzpatrick&apos;s_War</answer>
<answer>http://dbpedia.org/resource/Storm_Warning_(Lackey_novel)</answer>
<answer>http://dbpedia.org/resource/The_Black_Swan_(Lackey_novel)</answer>
<answer>http://dbpedia.org/resource/The_Book_of_Dreams_(Jack_Vance_novel)</answer>
<answer>http://dbpedia.org/resource/Darkover_Landfall</answer>
<answer>http://dbpedia.org/resource/Hawkmistress!</answer>
<answer>http://dbpedia.org/resource/Stormqueen!</answer>
<answer>http://dbpedia.org/resource/Flight_to_Opar</answer>
<answer>http://dbpedia.org/resource/Hadon_of_Ancient_Opar</answer>
<answer>http://dbpedia.org/resource/Towers_of_Darkover</answer>
<answer>http://dbpedia.org/resource/Winds_of_Fury</answer>
<answer>http://dbpedia.org/resource/The_Heritage_of_Hastur</answer>
<answer>http://dbpedia.org/resource/We_Can_Build_You</answer>
<answer>http://dbpedia.org/resource/The_1984_Annual_World&apos;s_Best_SF</answer>
<answer>http://dbpedia.org/resource/We_Think,_Therefore_We_Are</answer>
<answer>http://dbpedia.org/resource/The_Forbidden_Tower</answer>
<answer>http://dbpedia.org/resource/Night&apos;s_Sorceries</answer>
<answer>http://dbpedia.org/resource/Swordships_of_Scorpio</answer>
<answer>http://dbpedia.org/resource/Horrible_Beginnings</answer>
<answer>http://dbpedia.org/resource/Relic_of_Empire</answer>
<answer>http://dbpedia.org/resource/The_1990_Annual_World&apos;s_Best_SF</answer>
<answer>http://dbpedia.org/resource/As_the_Green_Star_Rises</answer>
<answer>http://dbpedia.org/resource/Home_from_the_Sea</answer>
<answer>http://dbpedia.org/resource/The_Slow_Regard_of_Silent_Things</answer>
<answer>http://dbpedia.org/resource/The_Fall_of_Neskaya</answer>
<answer>http://dbpedia.org/resource/The_Warrior_of_World&apos;s_End</answer>
<answer>http://dbpedia.org/resource/Delirium&apos;s_Mistress</answer>
<answer>http://dbpedia.org/resource/The_Pillars_of_Eternity</answer>
<answer>http://dbpedia.org/resource/The_DAW_Science_Fiction_Reader</answer>
<answer>http://dbpedia.org/resource/Feast_of_Souls</answer>
<answer>http://dbpedia.org/resource/Cageworld_series</answer>
<answer>http://dbpedia.org/resource/Star_Winds</answer>
<answer>http://dbpedia.org/resource/The_Zen_Gun</answer>
<answer>http://dbpedia.org/resource/Lost_Worlds_(Lin_Carter)</answer>
<answer>http://dbpedia.org/resource/Red_Sun_of_Darkover</answer>
<answer>http://dbpedia.org/resource/The_Book_of_Philip_K._Dick</answer>
<answer>http://dbpedia.org/resource/The_Second_Book_of_Fritz_Leiber</answer>
<answer>http://dbpedia.org/resource/The_Spell_Sword</answer>
<answer>http://dbpedia.org/resource/Native_Tongue_(Suzette_Haden_Elgin_novel)</answer>
<answer>http://dbpedia.org/resource/The_Serpent&apos;s_Shadow_(Lackey_novel)</answer>
<answer>http://dbpedia.org/resource/Magical_Beginnings</answer>
<answer>http://dbpedia.org/resource/Requiem_for_the_Conqueror</answer>
<answer>http://dbpedia.org/resource/The_1983_Annual_World&apos;s_Best_SF</answer>
<answer>http://dbpedia.org/resource/The_1975_Annual_World&apos;s_Best_SF</answer>
<answer>http://dbpedia.org/resource/The_1980_Annual_World&apos;s_Best_SF</answer>
<answer>http://dbpedia.org/resource/The_Heirs_of_Hammerfell</answer>
<answer>http://dbpedia.org/resource/The_Other_Side_of_the_Mirror_(anthology)</answer>
<answer>http://dbpedia.org/resource/Cthulhu_Mythos_anthology</answer>
<answer>http://dbpedia.org/resource/Forbidden_Planets</answer>
<answer>http://dbpedia.org/resource/Free_Amazons_of_Darkover</answer>
<answer>http://dbpedia.org/resource/Renegade_of_Kregen</answer>
<answer>http://dbpedia.org/resource/Exile&apos;s_Song</answer>
<answer>http://dbpedia.org/resource/Perilous_Dreams</answer>
<answer>http://dbpedia.org/resource/The_1986_Annual_World&apos;s_Best_SF</answer>
<answer>http://dbpedia.org/resource/The_White_Gryphon</answer>
<answer>http://dbpedia.org/resource/The_Book_of_Frank_Herbert</answer>
<answer>http://dbpedia.org/resource/The_Golden_Key_(novel)</answer>
<answer>http://dbpedia.org/resource/The_Year&apos;s_Best_Fantasy_Stories:_8</answer>
<answer>http://dbpedia.org/resource/The_1985_Annual_World&apos;s_Best_SF</answer>
<answer>http://dbpedia.org/resource/Blackveil</answer>
<answer>http://dbpedia.org/resource/Bladesman_of_Antares</answer>
<answer>http://dbpedia.org/resource/The_Year&apos;s_Best_Fantasy_Stories:_5</answer>
<answer>http://dbpedia.org/resource/Amazons_II</answer>
<answer>http://dbpedia.org/resource/Shadowplay_(Williams_novel)</answer>
<answer>http://dbpedia.org/resource/By_the_Sword_(novel)</answer>
<answer>http://dbpedia.org/resource/Collision_Course_(Bayley_novel)</answer>
<answer>http://dbpedia.org/resource/Amazons!</answer>
<answer>http://dbpedia.org/resource/The_High_King&apos;s_Tomb</answer>
<answer>http://dbpedia.org/resource/The_Fall_of_Chronopolis</answer>
<answer>http://dbpedia.org/resource/When_the_Green_Star_Calls</answer>
<answer>http://dbpedia.org/resource/Arrow&apos;s_Fall</answer>
<answer>http://dbpedia.org/resource/The_Shattered_Chain</answer>
<answer>http://dbpedia.org/resource/The_Wizard_of_Zao</answer>
<answer>http://dbpedia.org/resource/The_Grand_Wheel</answer>
<answer>http://dbpedia.org/resource/Other_Earths</answer>
<answer>http://dbpedia.org/resource/Domains_of_Darkover</answer>
<answer>http://dbpedia.org/resource/The_1974_Annual_World&apos;s_Best_SF</answer>
<answer>http://dbpedia.org/resource/The_Keeper&apos;s_Price</answer>
<answer>http://dbpedia.org/resource/The_Year&apos;s_Best_Fantasy_Stories:_3</answer>
<answer>http://dbpedia.org/resource/Don&apos;t_Bite_the_Sun</answer>
<answer>http://dbpedia.org/resource/Night&apos;s_Master</answer>
<answer>http://dbpedia.org/resource/Mention_My_Name_in_Atlantis</answer>
<answer>http://dbpedia.org/resource/Armor_(novel)</answer>
<answer>http://dbpedia.org/resource/Black_Sun_Rising</answer>
<answer>http://dbpedia.org/resource/Brothers_of_Earth</answer>
<answer>http://dbpedia.org/resource/Cuckoo&apos;s_Egg</answer>
<answer>http://dbpedia.org/resource/Dragon_Prince</answer>
<answer>http://dbpedia.org/resource/First_Rider&apos;s_Call</answer>
<answer>http://dbpedia.org/resource/Green_Rider</answer>
<answer>http://dbpedia.org/resource/Hestia_(novel)</answer>
<answer>http://dbpedia.org/resource/Merchanter&apos;s_Luck</answer>
<answer>http://dbpedia.org/resource/Shadowmarch</answer>
<answer>http://dbpedia.org/resource/Skybowl</answer>
<answer>http://dbpedia.org/resource/Stronghold_(novel)</answer>
<answer>http://dbpedia.org/resource/Sunrunner&apos;s_Fire</answer>
<answer>http://dbpedia.org/resource/Tailchaser&apos;s_Song</answer>
<answer>http://dbpedia.org/resource/The_Book_of_Earth</answer>
<answer>http://dbpedia.org/resource/The_Collected_Short_Fiction_of_C._J._Cherryh</answer>
<answer>http://dbpedia.org/resource/The_Dragon_Token</answer>
<answer>http://dbpedia.org/resource/The_Dragonbone_Chair</answer>
<answer>http://dbpedia.org/resource/The_Other_Log_of_Phileas_Fogg</answer>
<answer>http://dbpedia.org/resource/The_Star_Scroll</answer>
<answer>http://dbpedia.org/resource/The_War_of_the_Flowers</answer>
<answer>http://dbpedia.org/resource/To_Green_Angel_Tower</answer>
<answer>http://dbpedia.org/resource/When_True_Night_Falls</answer>
<answer>http://dbpedia.org/resource/The_Fox_(Sherwood_Smith_novel)</answer>
<answer>http://dbpedia.org/resource/Mountain_of_Black_Glass</answer>
<answer>http://dbpedia.org/resource/The_Wise_Man&apos;s_Fear</answer>
<answer>http://dbpedia.org/resource/The_Year&apos;s_Best_Fantasy_Stories:_4</answer>
<answer>http://dbpedia.org/resource/Phoenix_and_Ashes</answer>
<answer>http://dbpedia.org/resource/Avenger_of_Antares</answer>
<answer>http://dbpedia.org/resource/The_Garments_of_Caean</answer>
<answer>http://dbpedia.org/resource/Past_Imperfect</answer>
<answer>http://dbpedia.org/resource/Cthulhu&apos;s_Reign</answer>
<answer>http://dbpedia.org/resource/Snows_of_Darkover</answer>
<answer>http://dbpedia.org/resource/The_Alton_Gift</answer>
<answer>http://dbpedia.org/resource/By_the_Light_of_the_Green_Star</answer>
<answer>http://dbpedia.org/resource/Under_the_Green_Star</answer>
<answer>http://dbpedia.org/resource/Armada_of_Antares</answer>
<answer>http://dbpedia.org/resource/The_Name_of_the_Wind</answer>
<answer>http://dbpedia.org/resource/Transit_to_Scorpio</answer>
<answer>http://dbpedia.org/resource/A_Flame_in_Hali</answer>
<answer>http://dbpedia.org/resource/Arena_of_Antares</answer>
<answer>http://dbpedia.org/resource/Death&apos;s_Master</answer>
<answer>http://dbpedia.org/resource/Hastur_Lord</answer>
<answer>http://dbpedia.org/resource/The_1973_Annual_World&apos;s_Best_SF</answer>
<answer>http://dbpedia.org/resource/Winds_of_Change_(novel)</answer>
<answer>http://dbpedia.org/resource/Exile&apos;s_Gate</answer>
<answer>http://dbpedia.org/resource/Gate_of_Ivrel</answer>
<answer>http://dbpedia.org/resource/Two_to_Conquer</answer>
<answer>http://dbpedia.org/resource/River_of_Blue_Fire</answer>
<answer>http://dbpedia.org/resource/The_Brothers_(novella)</answer>
<answer>http://dbpedia.org/resource/Fires_of_Azeroth</answer>
<answer>http://dbpedia.org/resource/Space_Opera_(1996_anthology)</answer>
<answer>http://dbpedia.org/resource/Arrow&apos;s_Flight</answer>
<answer>http://dbpedia.org/resource/Arrows_of_the_Queen</answer>
<answer>http://dbpedia.org/resource/Elemental_Masters</answer>
<answer>http://dbpedia.org/resource/The_Black_Gryphon</answer>
<answer>http://dbpedia.org/resource/Wondrous_Beginnings</answer>
<answer>http://dbpedia.org/resource/Four_Moons_of_Darkover</answer>
<answer>http://dbpedia.org/resource/The_Year&apos;s_Best_Fantasy_Stories:_2</answer>
<answer>http://dbpedia.org/resource/Alta_(novel)</answer>
<answer>http://dbpedia.org/resource/Firebird_(Lackey_novel)</answer>
<answer>http://dbpedia.org/resource/Constellations_(2005_book)</answer>
<answer>http://dbpedia.org/resource/The_Face_(Vance_novel)</answer>
<answer>http://dbpedia.org/resource/Joust_(novel)</answer>
<answer>http://dbpedia.org/resource/Heroic_Fantasy_(anthology)</answer>
<answer>http://dbpedia.org/resource/The_1987_Annual_World&apos;s_Best_SF</answer>
<answer>http://dbpedia.org/resource/The_1989_Annual_World&apos;s_Best_SF</answer>
<answer>http://dbpedia.org/resource/The_Stardroppers</answer>
<answer>http://dbpedia.org/resource/The_1979_Annual_World&apos;s_Best_SF</answer>
<answer>http://dbpedia.org/resource/The_1988_Annual_World&apos;s_Best_SF</answer>
<answer>http://dbpedia.org/resource/Owlknight</answer>
<answer>http://dbpedia.org/resource/Well_of_Shiuan</answer>
<answer>http://dbpedia.org/resource/Inda</answer>
<answer>http://dbpedia.org/resource/Spell_of_the_Witch_World</answer>
<answer>http://dbpedia.org/resource/The_Shadow_Matrix</answer>
<answer>http://dbpedia.org/resource/The_1972_Annual_World&apos;s_Best_SF</answer>
<answer>http://dbpedia.org/resource/The_Star-Crowned_Kings</answer>
<answer>http://dbpedia.org/resource/Traitor&apos;s_Sun</answer>
<answer>http://dbpedia.org/resource/Fliers_of_Antares</answer>
<answer>http://dbpedia.org/resource/Throne_of_the_Crescent_Moon</answer>
<answer>http://dbpedia.org/resource/Red_as_Blood,_or_Tales_from_the_Sisters_Grimmer</answer>
<answer>http://dbpedia.org/resource/The_Suns_of_Scorpio</answer>
<answer>http://dbpedia.org/resource/Delusion&apos;s_Master</answer>
<answer>http://dbpedia.org/resource/Sea_of_Silver_Light</answer>
<answer>http://dbpedia.org/resource/The_Year&apos;s_Best_Fantasy_Stories:_9</answer>
<answer>http://dbpedia.org/resource/Lore_of_the_Witch_World</answer>
<answer>http://dbpedia.org/resource/Prince_of_Scorpio</answer>
<answer>http://dbpedia.org/resource/The_1978_Annual_World&apos;s_Best_SF</answer>
<answer>http://dbpedia.org/resource/The_1982_Annual_World&apos;s_Best_SF</answer>
<answer>http://dbpedia.org/resource/Time_Slave</answer>
<answer>http://dbpedia.org/resource/The_Year&apos;s_Best_Fantasy_Stories</answer>
<answer>http://dbpedia.org/resource/Manhounds_of_Antares</answer>
<answer>http://dbpedia.org/resource/Mars_Probes</answer>
<answer>http://dbpedia.org/resource/The_Year&apos;s_Best_Fantasy_Stories:_13</answer>
<answer>http://dbpedia.org/resource/The_Book_of_Fritz_Leiber</answer>
<answer>http://dbpedia.org/resource/In_the_Green_Star&apos;s_Glow</answer>
<answer>http://dbpedia.org/resource/The_Forest_of_Peldain</answer>
<answer>http://dbpedia.org/resource/Reserved_for_the_Cat</answer>
<answer>http://dbpedia.org/resource/Warrior_of_Scorpio</answer>
<answer>http://dbpedia.org/resource/The_Final_Circle_of_Paradise</answer>
<answer>http://dbpedia.org/resource/Blood_Red_(novel)</answer>
<answer>http://dbpedia.org/resource/The_1977_Annual_World&apos;s_Best_SF</answer>
<answer>http://dbpedia.org/resource/The_1981_Annual_World&apos;s_Best_SF</answer>
<answer>http://dbpedia.org/resource/Rediscovery</answer>
<answer>http://dbpedia.org/resource/Heroes_in_Training</answer>
<answer>http://dbpedia.org/resource/Sharra&apos;s_Exile</answer>
<answer>http://dbpedia.org/resource/Space,_Inc.</answer>
<answer>http://dbpedia.org/resource/The_Year&apos;s_Best_Fantasy_Stories:_10</answer>
<answer>http://dbpedia.org/resource/The_Year&apos;s_Best_Fantasy_Stories:_11</answer>
<answer>http://dbpedia.org/resource/The_Year&apos;s_Best_Fantasy_Stories:_12</answer>
<answer>http://dbpedia.org/resource/The_Year&apos;s_Best_Fantasy_Stories:_14</answer>
<answer>http://dbpedia.org/resource/The_Year&apos;s_Best_Fantasy_Stories:_6</answer>
<answer>http://dbpedia.org/resource/The_Year&apos;s_Best_Fantasy_Stories:_7</answer>
<answer>http://dbpedia.org/resource/The_1976_Annual_World&apos;s_Best_SF</answer>
<answer>http://dbpedia.org/resource/Blood_Price_(Tanya_Huff)</answer>
<answer>http://dbpedia.org/resource/My_Favorite_Fantasy_Story</answer>
<answer>http://dbpedia.org/resource/The_Tides_of_Kregen</answer>
<answer>http://dbpedia.org/resource/Mirror_Sight</answer>
<answer>http://dbpedia.org/resource/Krozair_of_Kregen</answer>
<answer>http://dbpedia.org/resource/City_of_Sorcery</answer>
<answer>http://dbpedia.org/resource/Leroni_of_Darkover</answer>
<answer>http://dbpedia.org/resource/Marion_Zimmer_Bradley&apos;s_Darkover</answer>
<answer>http://dbpedia.org/resource/Renunciates_of_Darkover</answer>
<answer>http://dbpedia.org/resource/Sword_of_Chaos</answer>
<answer>http://dbpedia.org/resource/Thendara_House</answer>
<answer>http://dbpedia.org/resource/Wings_of_Wrath</answer>
</answers>
</question>
<question aggregation="false" answertype="resource" hybrid="false" id="73" onlydbo="false">
<string lang="en">Which bridges cross the Prut?</string>
<keywords lang="en">bridges, cross, Prut</keywords>
<query>PREFIX  dbo:  &lt;http://dbpedia.org/ontology/&gt;
PREFIX  res:  &lt;http://dbpedia.org/resource/&gt;
PREFIX  rdf:  &lt;http://www.w3.org/1999/02/22-rdf-syntax-ns#&gt;
SELECT DISTINCT  ?uri
WHERE
  { ?uri  rdf:type     dbo:Bridge ;
          dbo:crosses  res:Prut
  }
</query>
<answers>
<answer>http://dbpedia.org/resource/Eiffel_Bridge,_Ungheni</answer>
<answer>http://dbpedia.org/resource/Lipcani-Rădăuți_Bridge</answer>
</answers>
</question>
<question aggregation="false" answertype="resource" hybrid="false" id="74" onlydbo="false">
<string lang="en">Which instruments does Courtney Love play?</string>
<keywords lang="en">instruments, Courtney Love, play</keywords>
<query>PREFIX  dbo:  &lt;http://dbpedia.org/ontology/&gt;
PREFIX  res:  &lt;http://dbpedia.org/resource/&gt;
SELECT DISTINCT  ?uri
WHERE
  { res:Courtney_Love
              dbo:instrument  ?uri
  }
</query>
<answers>
<answer>http://dbpedia.org/resource/List_of_Rickenbacker_products</answer>
<answer>http://dbpedia.org/resource/Squier_Venus</answer>
<answer>http://dbpedia.org/resource/Fender_Jazzmaster</answer>
</answers>
</question>
<question aggregation="union" answertype="resource" hybrid="false" id="75" onlydbo="false">
<string lang="en">Which languages are spoken in Romania?</string>
<keywords lang="en">languages, spoken, Romania</keywords>
<query>PREFIX  dbo:  &lt;http://dbpedia.org/ontology/&gt;
PREFIX  res:  &lt;http://dbpedia.org/resource/&gt;
PREFIX  rdfs: &lt;http://www.w3.org/2000/01/rdf-schema#&gt;
SELECT DISTINCT  ?uri ?string
WHERE
  {   { res:Romania  dbo:language  ?uri }
    UNION
      { ?uri  dbo:spokenIn  res:Romania }
    OPTIONAL
      { ?uri  rdfs:label  ?string
        FILTER ( lang(?string) = "en" )
      }
  }
</query>
<answers>
<answer>http://dbpedia.org/resource/Romanian_language</answer>
<answer>http://dbpedia.org/resource/Bulgarian_language</answer>
<answer>http://dbpedia.org/resource/Hungarian_language</answer>
<answer>http://dbpedia.org/resource/Macedonian_language</answer>
<answer>http://dbpedia.org/resource/Banat_Bulgarian_dialect</answer>
<answer>http://dbpedia.org/resource/Kalderash_Romani_language</answer>
<answer>http://dbpedia.org/resource/Romanian_Sign_Language</answer>
<answer>http://dbpedia.org/resource/Moselle_Franconian_dialects</answer>
<answer>http://dbpedia.org/resource/Turkish_language</answer>
<answer>http://dbpedia.org/resource/Dacian_language</answer>
<answer>http://dbpedia.org/resource/Hungarian_Sign_Language</answer>
<answer>http://dbpedia.org/resource/Croatian_language</answer>
<answer>http://dbpedia.org/resource/Torlakian_dialect</answer>
<answer>http://dbpedia.org/resource/Karamanli_Turkish</answer>
<answer>http://dbpedia.org/resource/Megleno-Romanian_language</answer>
<answer>http://dbpedia.org/resource/Aromanian_language</answer>
<answer>http://dbpedia.org/resource/Shtokavian</answer>
<answer>http://dbpedia.org/resource/Vlax_Romani_language</answer>
</answers>
</question>
<question aggregation="false" answertype="resource" hybrid="false" id="76" onlydbo="false">
<string lang="en">Which museum exhibits The Skater?</string>
<keywords lang="en">museum, exhibits, The Skater</keywords>
<query>PREFIX  dbo:  &lt;http://dbpedia.org/ontology/&gt;
PREFIX  res:  &lt;http://dbpedia.org/resource/&gt;
SELECT DISTINCT  ?uri
WHERE
  { res:The_Skater
              dbo:museum  ?uri
  }
</query>
<answers>
<answer>http://dbpedia.org/resource/National_Gallery_of_Art</answer>
</answers>
</question>
<question aggregation="false" answertype="resource" hybrid="false" id="77" onlydbo="false">
<string lang="en">Which music albums contain the song Into Your Arms?</string>
<keywords lang="en">music albums, contain, song, Into Your Arms</keywords>
<query>PREFIX  dbo:  &lt;http://dbpedia.org/ontology/&gt;
PREFIX  rdfs: &lt;http://www.w3.org/2000/01/rdf-schema#&gt;
SELECT DISTINCT  ?uri
WHERE
  { ?single  dbo:album   ?uri ;
             rdfs:label  "Into Your Arms"@en
  }
</query>
<answers>
<answer>http://dbpedia.org/resource/Come_on_Feel_the_Lemonheads</answer>
</answers>
</question>
<question aggregation="true" answertype="resource" hybrid="false" id="78" onlydbo="false">
<string lang="en">Which organizations were founded in 1918?</string>
<keywords lang="en">organizations, founded, 1918</keywords>
<query>PREFIX  dbo:  &lt;http://dbpedia.org/ontology/&gt;
PREFIX  rdfs: &lt;http://www.w3.org/2000/01/rdf-schema#&gt;
PREFIX  dbp:  &lt;http://dbpedia.org/property/&gt;
PREFIX  rdf:  &lt;http://www.w3.org/1999/02/22-rdf-syntax-ns#&gt;
SELECT DISTINCT  ?uri ?string
WHERE
  { ?uri  rdf:type  dbo:Organisation
      { ?uri  dbp:foundation  ?date }
    UNION
      { ?uri  dbo:formationYear  ?date }
    FILTER regex(?date, "^1918")
    OPTIONAL
      { ?uri  rdfs:label  ?string
        FILTER ( lang(?string) = "en" )
      }
  }
</query>
<answers>
<answer>http://dbpedia.org/resource/GTE</answer>
<answer>http://dbpedia.org/resource/Bessarabian_Peasants&apos;_Party</answer>
<answer>http://dbpedia.org/resource/Santam</answer>
<answer>http://dbpedia.org/resource/Bignan_(automobile)</answer>
<answer>http://dbpedia.org/resource/Eberhart_Steel_Products_Company</answer>
<answer>http://dbpedia.org/resource/Manx_Labour_Party</answer>
<answer>http://dbpedia.org/resource/Deutsche_Werft</answer>
<answer>http://dbpedia.org/resource/Zojirushi_Corporation</answer>
<answer>http://dbpedia.org/resource/Luvos</answer>
<answer>http://dbpedia.org/resource/Plesner_(law_firm)</answer>
<answer>http://dbpedia.org/resource/Quaker_Chemical_Corporation</answer>
<answer>http://dbpedia.org/resource/Fruehauf_Trailer_Corporation</answer>
<answer>http://dbpedia.org/resource/Brendle&apos;s</answer>
<answer>http://dbpedia.org/resource/General_Motors_Canada</answer>
<answer>http://dbpedia.org/resource/Clas_Ohlson</answer>
<answer>http://dbpedia.org/resource/Česká_pošta</answer>
<answer>http://dbpedia.org/resource/German_People&apos;s_Party</answer>
<answer>http://dbpedia.org/resource/Istad</answer>
<answer>http://dbpedia.org/resource/Norsk_Spisevognselskap</answer>
<answer>http://dbpedia.org/resource/Borregaard</answer>
<answer>http://dbpedia.org/resource/Tatung_Company</answer>
<answer>http://dbpedia.org/resource/Jordan&apos;s_Furniture</answer>
<answer>http://dbpedia.org/resource/OGMA</answer>
<answer>http://dbpedia.org/resource/Mac_Fisheries</answer>
<answer>http://dbpedia.org/resource/F.C._Tucker_Company</answer>
<answer>http://dbpedia.org/resource/West_Bengal_State_Coop_Bank</answer>
<answer>http://dbpedia.org/resource/Esimene_Eesti_Põlevkivitööstus</answer>
<answer>http://dbpedia.org/resource/Robertson_Aircraft_Corporation</answer>
<answer>http://dbpedia.org/resource/Lenfilm</answer>
<answer>http://dbpedia.org/resource/Catholic_People&apos;s_Party_(Poland)</answer>
<answer>http://dbpedia.org/resource/Brookville_Equipment_Corporation</answer>
<answer>http://dbpedia.org/resource/Inghams_Enterprises</answer>
<answer>http://dbpedia.org/resource/Cowen_Group</answer>
<answer>http://dbpedia.org/resource/Houchens_Industries</answer>
<answer>http://dbpedia.org/resource/Belships</answer>
<answer>http://dbpedia.org/resource/New_York_&amp;_Company</answer>
<answer>http://dbpedia.org/resource/Communist_Party_of_Lithuania</answer>
<answer>http://dbpedia.org/resource/Saraswat_Bank</answer>
<answer>http://dbpedia.org/resource/Perry&apos;s_Ice_Cream</answer>
<answer>http://dbpedia.org/resource/Merchants_Insurance_Group</answer>
<answer>http://dbpedia.org/resource/Henry_Robb</answer>
<answer>http://dbpedia.org/resource/Bjørnøen</answer>
<answer>http://dbpedia.org/resource/Communist_Party_of_Ukraine_(Soviet_Union)</answer>
<answer>http://dbpedia.org/resource/Hungarian_Communist_Party</answer>
<answer>http://dbpedia.org/resource/Kuwahara_(bicycle_company)</answer>
<answer>http://dbpedia.org/resource/GAGFAH</answer>
<answer>http://dbpedia.org/resource/Kawasaki_Aerospace_Company</answer>
<answer>http://dbpedia.org/resource/Renault_Agriculture</answer>
<answer>http://dbpedia.org/resource/Coop_Norden</answer>
<answer>http://dbpedia.org/resource/Foreign_Policy_Association</answer>
<answer>http://dbpedia.org/resource/Ritz_Camera_Centers</answer>
<answer>http://dbpedia.org/resource/Communist_Party_of_Argentina</answer>
<answer>http://dbpedia.org/resource/Communist_Party_of_Austria</answer>
<answer>http://dbpedia.org/resource/Communist_Party_of_Poland</answer>
<answer>http://dbpedia.org/resource/German_National_People&apos;s_Party</answer>
<answer>http://dbpedia.org/resource/Progressive_Citizens&apos;_Party</answer>
<answer>http://dbpedia.org/resource/Wanzl_(Company)</answer>
<answer>http://dbpedia.org/resource/Engineering_Division</answer>
<answer>http://dbpedia.org/resource/Crookes_Healthcare</answer>
<answer>http://dbpedia.org/resource/Cotton_(motorcycle)</answer>
<answer>http://dbpedia.org/resource/Communist_Party_of_Germany</answer>
<answer>http://dbpedia.org/resource/Teachers_Insurance_and_Annuity_Association</answer>
<answer>http://dbpedia.org/resource/The_Hertz_Corporation</answer>
<answer>http://dbpedia.org/resource/Darigold</answer>
<answer>http://dbpedia.org/resource/Kriegsmarinewerft_Wilhelmshaven</answer>
<answer>http://dbpedia.org/resource/People&apos;s_Party_(interwar_Romania)</answer>
<answer>http://dbpedia.org/resource/Cecil_Purnell</answer>
<answer>http://dbpedia.org/resource/Gusmer_Enterprises,_Inc.</answer>
<answer>http://dbpedia.org/resource/UBM_plc</answer>
<answer>http://dbpedia.org/resource/United_Steel_Companies</answer>
<answer>http://dbpedia.org/resource/Nationalist_Party_(Northern_Ireland)</answer>
<answer>http://dbpedia.org/resource/Koninklijke_Hoogovens</answer>
<answer>http://dbpedia.org/resource/Mido_(watch)</answer>
<answer>http://dbpedia.org/resource/O&apos;Neills</answer>
<answer>http://dbpedia.org/resource/Iochpe-Maxion</answer>
<answer>http://dbpedia.org/resource/Desnoes_&amp;_Geddes</answer>
<answer>http://dbpedia.org/resource/Shinano_Kenshi</answer>
<answer>http://dbpedia.org/resource/Canadian_National_Railway</answer>
<answer>http://dbpedia.org/resource/English_Electric</answer>
<answer>http://dbpedia.org/resource/German_Democratic_Party</answer>
<answer>http://dbpedia.org/resource/Oakhurst_Dairy</answer>
<answer>http://dbpedia.org/resource/Officine_Meccaniche</answer>
<answer>http://dbpedia.org/resource/Parker_Hannifin</answer>
<answer>http://dbpedia.org/resource/Ruston_(engine_builder)</answer>
<answer>http://dbpedia.org/resource/Société_Anonyme_des_Ateliers_de_Sécheron</answer>
<answer>http://dbpedia.org/resource/Tuscan_Dairy_Farms</answer>
<answer>http://dbpedia.org/resource/Zenith_Electronics</answer>
<answer>http://dbpedia.org/resource/Sanlam</answer>
<answer>http://dbpedia.org/resource/Barclays_Bank_(Zambia)</answer>
<answer>http://dbpedia.org/resource/Frigidaire</answer>
<answer>http://dbpedia.org/resource/Reformed_Political_Party</answer>
<answer>http://dbpedia.org/resource/Latvian_Social_Democratic_Workers&apos;_Party</answer>
<answer>http://dbpedia.org/resource/IISCO_Steel_Plant</answer>
<answer>http://dbpedia.org/resource/Burntisland_Shipbuilding_Company</answer>
<answer>http://dbpedia.org/resource/Attica_Group</answer>
<answer>http://dbpedia.org/resource/Etos</answer>
<answer>http://dbpedia.org/resource/Terryberry</answer>
<answer>http://dbpedia.org/resource/Baker_Perkins</answer>
<answer>http://dbpedia.org/resource/DekaBank_(Germany)</answer>
<answer>http://dbpedia.org/resource/Lassonde_Industries</answer>
<answer>http://dbpedia.org/resource/Ukrinform</answer>
<answer>http://dbpedia.org/resource/Votorantim_Group</answer>
<answer>http://dbpedia.org/resource/Day-Elder</answer>
<answer>http://dbpedia.org/resource/Bavarian_People&apos;s_Party</answer>
<answer>http://dbpedia.org/resource/Christian-Social_People&apos;s_Party_(Liechtenstein)</answer>
<answer>http://dbpedia.org/resource/Federação_Norte-rio-grandense_de_Futebol</answer>
<answer>http://dbpedia.org/resource/Ministry_of_Justice_of_Georgia</answer>
<answer>http://dbpedia.org/resource/Coachella_Valley_Water_District</answer>
<answer>http://dbpedia.org/resource/Federação_Gaúcha_de_Futebol</answer>
<answer>http://dbpedia.org/resource/Ministry_of_Education_(Azerbaijan)</answer>
<answer>http://dbpedia.org/resource/Ministry_of_Education_and_Science_(Lithuania)</answer>
<answer>http://dbpedia.org/resource/Ministry_of_Finance_(Azerbaijan)</answer>
<answer>http://dbpedia.org/resource/Ministry_of_Healthcare_(Azerbaijan)</answer>
<answer>http://dbpedia.org/resource/Ministry_of_Justice_(Azerbaijan)</answer>
<answer>http://dbpedia.org/resource/Värmlands_Fotbollförbund</answer>
<answer>http://dbpedia.org/resource/Västergötlands_Fotbollförbund</answer>
<answer>http://dbpedia.org/resource/Birmingham_Civic_Society</answer>
<answer>http://dbpedia.org/resource/English-Speaking_Union</answer>
<answer>http://dbpedia.org/resource/Great_Public_Schools_Association_of_Queensland_Inc.</answer>
<answer>http://dbpedia.org/resource/Internal_Revenue_Service</answer>
<answer>http://dbpedia.org/resource/Thule_Society</answer>
<answer>http://dbpedia.org/resource/Communist_Party_of_Byelorussia</answer>
<answer>http://dbpedia.org/resource/German_Socialist_Party</answer>
<answer>http://dbpedia.org/resource/CONSUDATLE</answer>
<answer>http://dbpedia.org/resource/Ministry_of_Agriculture,_Forestry_and_Rural_Development</answer>
<answer>http://dbpedia.org/resource/Stahlhelm,_Bund_der_Frontsoldaten</answer>
<answer>http://dbpedia.org/resource/Minnesota_Farmer–Labor_Party</answer>
<answer>http://dbpedia.org/resource/Berlin-Brandenburg_Academy_of_Sciences_and_Humanities</answer>
<answer>http://dbpedia.org/resource/Politischer_Arbeiter-Zirkel</answer>
<answer>http://dbpedia.org/resource/Federação_Maranhense_de_Futebol</answer>
<answer>http://dbpedia.org/resource/Ministry_for_Foreign_Affairs_(Finland)</answer>
<answer>http://dbpedia.org/resource/Universities_UK</answer>
<answer>http://dbpedia.org/resource/National_Academy_of_Sciences_of_Ukraine</answer>
<answer>http://dbpedia.org/resource/White_Guard_(Finland)</answer>
<answer>http://dbpedia.org/resource/Ministry_of_Foreign_Affairs_(Armenia)</answer>
<answer>http://dbpedia.org/resource/Ministry_of_Foreign_Affairs_(Azerbaijan)</answer>
<answer>http://dbpedia.org/resource/Ministry_of_Foreign_Affairs_(Lithuania)</answer>
<answer>http://dbpedia.org/resource/Ministry_of_Foreign_Affairs_of_Georgia</answer>
<answer>http://dbpedia.org/resource/Association_of_Theological_Schools_in_the_United_States_and_Canada</answer>
<answer>http://dbpedia.org/resource/Communist_Party_of_Greece</answer>
<answer>http://dbpedia.org/resource/Council_on_Foreign_Relations</answer>
<answer>http://dbpedia.org/resource/National_Coalition_Party</answer>
<answer>http://dbpedia.org/resource/World_Affairs_Councils_of_America</answer>
<answer>http://dbpedia.org/resource/Communist_Party_of_Finland</answer>
<answer>http://dbpedia.org/resource/Main_Intelligence_Directorate_(Russia)</answer>
<answer>http://dbpedia.org/resource/Armenian_National_Committee_of_America</answer>
<answer>http://dbpedia.org/resource/Ministry_of_Economy_(Lithuania)</answer>
<answer>http://dbpedia.org/resource/National_War_Labor_Board</answer>
<answer>http://dbpedia.org/resource/Royal_Air_Force_Club</answer>
<answer>http://dbpedia.org/resource/Central_Oregon_Irrigation_District</answer>
<answer>http://dbpedia.org/resource/New_Jersey_State_Interscholastic_Athletic_Association</answer>
<answer>http://dbpedia.org/resource/Oregon_School_Activities_Association</answer>
<answer>http://dbpedia.org/resource/National_Democratic_and_Labour_Party</answer>
<answer>http://dbpedia.org/resource/Ministry_of_Interior_(Poland)</answer>
<answer>http://dbpedia.org/resource/Ministry_of_Internal_Affairs_(Azerbaijan)</answer>
<answer>http://dbpedia.org/resource/Virginia_Department_of_Education</answer>
</answers>
</question>
<question aggregation="true" answertype="resource" hybrid="false" id="79" onlydbo="false">
<string lang="en">Which presidents were born in 1891?</string>
<keywords lang="en">presidents, born, 1891</keywords>
<query>PREFIX  dbo:  &lt;http://dbpedia.org/ontology/&gt;
PREFIX  rdf:  &lt;http://www.w3.org/1999/02/22-rdf-syntax-ns#&gt;
SELECT DISTINCT  ?uri
WHERE
  { ?uri  rdf:type       dbo:President ;
          dbo:birthDate  ?date
    FILTER regex(?date, "^1891")
  }
</query>
<answers>
<answer>http://dbpedia.org/resource/Karl_Dönitz</answer>
<answer>http://dbpedia.org/resource/Antonio_Segni</answer>
<answer>http://dbpedia.org/resource/Béla_Imrédy</answer>
<answer>http://dbpedia.org/resource/Mohammad-Reza_Hekmat</answer>
<answer>http://dbpedia.org/resource/Sun_Fo</answer>
<answer>http://dbpedia.org/resource/Alberto_Teisaire</answer>
<answer>http://dbpedia.org/resource/Harry_Nixon</answer>
<answer>http://dbpedia.org/resource/Mariano_Ospina_Pérez</answer>
<answer>http://dbpedia.org/resource/Saadallah_al-Jabiri</answer>
<answer>http://dbpedia.org/resource/Lutfi_al-Haffar</answer>
<answer>http://dbpedia.org/resource/Hans_Gabrielsen</answer>
<answer>http://dbpedia.org/resource/Máire_Gill</answer>
</answers>
</question>
<question aggregation="false" answertype="resource" hybrid="false" id="80" onlydbo="false">
<string lang="en">Which professional surfers were born in Australia?</string>
<keywords lang="en">professional surfers, born, Australia</keywords>
<query>PREFIX  dbo:  &lt;http://dbpedia.org/ontology/&gt;
PREFIX  res:  &lt;http://dbpedia.org/resource/&gt;
PREFIX  rdfs: &lt;http://www.w3.org/2000/01/rdf-schema#&gt;
SELECT DISTINCT  ?uri ?string
WHERE
  { ?uri  dbo:occupation  res:Surfing ;
          dbo:birthPlace  res:Australia
    OPTIONAL
      { ?uri  rdfs:label  ?string
        FILTER ( lang(?string) = "en" )
      }
  }
</query>
<answers>
<answer>http://dbpedia.org/resource/Ian_Cairns</answer>
<answer>http://dbpedia.org/resource/Midget_Farrelly</answer>
</answers>
</question>
<question aggregation="false" answertype="resource" hybrid="false" id="81" onlydbo="false">
<string lang="en">Who created Retrocrush?</string>
<keywords lang="en">created, Retrocrush</keywords>
<query>PREFIX  dbo:  &lt;http://dbpedia.org/ontology/&gt;
PREFIX  res:  &lt;http://dbpedia.org/resource/&gt;
PREFIX  rdfs: &lt;http://www.w3.org/2000/01/rdf-schema#&gt;
SELECT DISTINCT  ?uri ?string
WHERE
  { res:Retrocrush
              dbo:author  ?uri
    OPTIONAL
      { ?uri  rdfs:label  ?string
        FILTER ( lang(?string) = "en" )
      }
  }
</query>
<answers>
<answer>http://dbpedia.org/resource/Robert_Berry_(webmaster)</answer>
</answers>
</question>
<question aggregation="false" answertype="resource" hybrid="false" id="82" onlydbo="false">
<string lang="en">Who created Miss Marple?</string>
<keywords lang="en">created, Miss Marple</keywords>
<query>PREFIX  dbo:  &lt;http://dbpedia.org/ontology/&gt;
PREFIX  res:  &lt;http://dbpedia.org/resource/&gt;
PREFIX  rdfs: &lt;http://www.w3.org/2000/01/rdf-schema#&gt;
SELECT DISTINCT  ?uri ?string
WHERE
  { res:Miss_Marple
              dbo:creator  ?uri
    OPTIONAL
      { ?uri  rdfs:label  ?string
        FILTER ( lang(?string) = "en" )
      }
  }
</query>
<answers>
<answer>http://dbpedia.org/resource/Agatha_Christie</answer>
</answers>
</question>
<question aggregation="false" answertype="resource" hybrid="false" id="83" onlydbo="false">
<string lang="en">Who created the comic Old Man Logan?</string>
<keywords lang="en">created, comic, Old Man Logan</keywords>
<query>PREFIX  dbo:  &lt;http://dbpedia.org/ontology/&gt;
PREFIX  res:  &lt;http://dbpedia.org/resource/&gt;
PREFIX  rdfs: &lt;http://www.w3.org/2000/01/rdf-schema#&gt;
SELECT  ?uri ?string
WHERE
  { res:Old_Man_Logan
              dbo:writer  ?uri
    OPTIONAL
      { ?uri  rdfs:label  ?string
        FILTER ( lang(?string) = "en" )
      }
  }
</query>
<answers>
<answer>http://dbpedia.org/resource/Mark_Millar</answer>
</answers>
</question>
<question aggregation="false" answertype="resource" hybrid="false" id="84" onlydbo="false">
<string lang="en">Who designed the Langebro?</string>
<keywords lang="en">designed, Langebro</keywords>
<query>PREFIX  res:  &lt;http://dbpedia.org/resource/&gt;
PREFIX  rdfs: &lt;http://www.w3.org/2000/01/rdf-schema#&gt;
PREFIX  dbp:  &lt;http://dbpedia.org/property/&gt;
SELECT DISTINCT  ?uri ?string
WHERE
  { res:Langebro  dbp:designer  ?uri
    OPTIONAL
      { ?uri  rdfs:label  ?string
        FILTER ( lang(?string) = "en" )
      }
  }
</query>
<answers>
<answer>http://dbpedia.org/resource/Kaj_Gottlob</answer>
</answers>
</question>
<question aggregation="false" answertype="resource" hybrid="false" id="85" onlydbo="false">
<string lang="en">Who developed Quake engine?</string>
<keywords lang="en">developed, Quake engine</keywords>
<query>PREFIX  dbo:  &lt;http://dbpedia.org/ontology/&gt;
PREFIX  res:  &lt;http://dbpedia.org/resource/&gt;
PREFIX  rdfs: &lt;http://www.w3.org/2000/01/rdf-schema#&gt;
SELECT DISTINCT  ?uri ?string
WHERE
  { res:Quake_engine
              dbo:developer  ?uri
    OPTIONAL
      { ?uri  rdfs:label  ?string
        FILTER ( lang(?string) = "en" )
      }
  }
</query>
<answers>
<answer>http://dbpedia.org/resource/Id_Software</answer>
<answer>http://dbpedia.org/resource/John_Carmack</answer>
<answer>http://dbpedia.org/resource/Michael_Abrash</answer>
</answers>
</question>
<question aggregation="false" answertype="resource" hybrid="false" id="86" onlydbo="false">
<string lang="en">Who developed the video game Duke Nukem 3D?</string>
<keywords lang="en">developed, video game, Duke Nukem 3D</keywords>
<query>PREFIX  dbo:  &lt;http://dbpedia.org/ontology/&gt;
PREFIX  res:  &lt;http://dbpedia.org/resource/&gt;
PREFIX  rdfs: &lt;http://www.w3.org/2000/01/rdf-schema#&gt;
SELECT DISTINCT  ?uri ?string
WHERE
  { res:Duke_Nukem_3D
              dbo:developer  ?uri
    OPTIONAL
      { ?uri  rdfs:label  ?string
        FILTER ( lang(?string) = "en" )
      }
  }
</query>
<answers>
<answer>http://dbpedia.org/resource/3D_Realms</answer>
<answer>http://dbpedia.org/resource/General_Arcade</answer>
</answers>
</question>
<question aggregation="false" answertype="resource" hybrid="false" id="87" onlydbo="false">
<string lang="en">Who founded Sony?</string>
<keywords lang="en">founded, Sony</keywords>
<query>PREFIX  dbo:  &lt;http://dbpedia.org/ontology/&gt;
PREFIX  res:  &lt;http://dbpedia.org/resource/&gt;
PREFIX  rdfs: &lt;http://www.w3.org/2000/01/rdf-schema#&gt;
SELECT DISTINCT  ?uri ?string
WHERE
  { res:Sony  dbo:foundedBy  ?uri
    OPTIONAL
      { ?uri  rdfs:label  ?string
        FILTER ( lang(?string) = "en" )
      }
  }
</query>
<answers>
<answer>http://dbpedia.org/resource/Akio_Morita</answer>
<answer>http://dbpedia.org/resource/Masaru_Ibuka</answer>
</answers>
</question>
<question aggregation="false" answertype="resource" hybrid="false" id="88" onlydbo="false">
<string lang="en">Who is the editor of Semana?</string>
<keywords lang="en">editor, Semana</keywords>
<query>PREFIX  dbo:  &lt;http://dbpedia.org/ontology/&gt;
PREFIX  res:  &lt;http://dbpedia.org/resource/&gt;
SELECT DISTINCT  ?uri
WHERE
  { res:Semana  dbo:editor  ?uri }
</query>
<answers>
<answer>http://dbpedia.org/resource/Alejandro_Santos_Rubino</answer>
</answers>
</question>
<question aggregation="false" answertype="resource" hybrid="false" id="89" onlydbo="false">
<string lang="en">Who is the founder of DC Comics?</string>
<keywords lang="en">founder, DC Comics</keywords>
<query>PREFIX  dbo:  &lt;http://dbpedia.org/ontology/&gt;
PREFIX  res:  &lt;http://dbpedia.org/resource/&gt;
PREFIX  rdf:  &lt;http://www.w3.org/1999/02/22-rdf-syntax-ns#&gt;
SELECT DISTINCT  ?uri
WHERE
  { res:DC_Comics
              dbo:founder  ?uri
  }
</query>
<answers>
<answer>http://dbpedia.org/resource/Malcolm_Wheeler-Nicholson</answer>
</answers>
</question>
<question aggregation="true" answertype="resource" hybrid="false" id="90" onlydbo="false">
<string lang="en">Who is the heaviest player of the ASK Riga?</string>
<keywords lang="en">heaviest, player, ASK Riga</keywords>
<query>PREFIX  dbo:  &lt;http://dbpedia.org/ontology/&gt;
PREFIX  res:  &lt;http://dbpedia.org/resource/&gt;
PREFIX  dbp:  &lt;http://dbpedia.org/property/&gt;
PREFIX  rdf:  &lt;http://www.w3.org/1999/02/22-rdf-syntax-ns#&gt;
SELECT DISTINCT  ?uri
WHERE
  { ?uri  rdf:type    dbo:Person ;
          dbo:weight  ?num
      { ?uri  dbp:team  res:ASK_Riga }
    UNION
      { ?uri  dbp:draftTeam  res:ASK_Riga }
    UNION
      { ?uri  dbo:draftTeam  res:ASK_Riga }
  }
ORDER BY DESC(?num)
OFFSET  0
LIMIT   1
</query>
<answers>
<answer>http://dbpedia.org/resource/Kaspars_Kambala</answer>
</answers>
</question>
<question aggregation="false" answertype="resource" hybrid="false" id="91" onlydbo="true">
<string lang="en">Who is the manager of Gazelle FC?</string>
<keywords lang="en">manager, Gazelle FC</keywords>
<query>PREFIX  dbo:  &lt;http://dbpedia.org/ontology/&gt;
SELECT DISTINCT  ?uri
WHERE
  { &lt;http://dbpedia.org/resource/Gazelle_FC&gt;
              dbo:manager  ?uri
  }
</query>
<answers>
<answer>http://dbpedia.org/resource/Mamadou_Bodjim</answer>
</answers>
</question>
<question aggregation="false" answertype="resource" hybrid="false" id="92" onlydbo="false">
<string lang="en">Who is the mayor of Virar?</string>
<keywords lang="en">mayor, Virar</keywords>
<query>PREFIX  dbo:  &lt;http://dbpedia.org/ontology/&gt;
PREFIX  res:  &lt;http://dbpedia.org/resource/&gt;
PREFIX  rdfs: &lt;http://www.w3.org/2000/01/rdf-schema#&gt;
SELECT  ?uri ?string
WHERE
  { res:Virar  dbo:leaderName  ?uri
    OPTIONAL
      { ?uri  rdfs:label  ?string
        FILTER ( lang(?string) = "en" )
      }
  }
</query>
<answers>
<answer>http://dbpedia.org/resource/Kshitij_Thakur</answer>
</answers>
</question>
<question aggregation="false" answertype="resource" hybrid="false" id="93" onlydbo="false">
<string lang="en">Who is the mayor of the capital of New Caledonia?</string>
<keywords lang="en">mayor, capital, New Caledonia</keywords>
<query>PREFIX  dbo:  &lt;http://dbpedia.org/ontology/&gt;
PREFIX  res:  &lt;http://dbpedia.org/resource/&gt;
SELECT DISTINCT  ?uri
WHERE
  { res:New_Caledonia
              dbo:capital  ?x .
    ?x        dbo:mayor    ?uri
  }
</query>
<answers>
<answer>http://dbpedia.org/resource/Sonia_Lagarde</answer>
</answers>
</question>
<question aggregation="false" answertype="resource" hybrid="false" id="94" onlydbo="false">
<string lang="en">Who is the owner of Mazda?</string>
<keywords lang="en">owner, Mazda</keywords>
<query>PREFIX  dbo:  &lt;http://dbpedia.org/ontology/&gt;
PREFIX  res:  &lt;http://dbpedia.org/resource/&gt;
PREFIX  rdfs: &lt;http://www.w3.org/2000/01/rdf-schema#&gt;
SELECT DISTINCT  ?uri ?string
WHERE
  { res:Mazda  dbo:owner  ?uri
    OPTIONAL
      { ?uri  rdfs:label  ?string
        FILTER ( lang(?string) = "en" )
      }
  }
</query>
<answers>
<answer>http://dbpedia.org/resource/Japan_Trustee_Services_Bank</answer>
<answer>http://dbpedia.org/resource/Ford_Motor_Company</answer>
<answer>http://dbpedia.org/resource/Sumitomo_Mitsui_Banking_Corporation</answer>
<answer>http://dbpedia.org/resource/The_Master_Trust_Bank_of_Japan</answer>
</answers>
</question>
<question aggregation="true" answertype="resource" hybrid="false" id="95" onlydbo="false">
<string lang="en">Who is the tallest player of Udinese Calcio?</string>
<keywords lang="en">tallest, player, Udinese Calcio</keywords>
<query>PREFIX  dbo:  &lt;http://dbpedia.org/ontology/&gt;
PREFIX  res:  &lt;http://dbpedia.org/resource/&gt;
PREFIX  dbp:  &lt;http://dbpedia.org/property/&gt;
SELECT DISTINCT  ?uri
WHERE
  { ?uri  dbo:team    res:Udinese_Calcio ;
          dbo:height  ?h
  }
ORDER BY DESC(?h)
OFFSET  0
LIMIT   1
</query>
<answers>
<answer>http://dbpedia.org/resource/Željko_Brkić</answer>
</answers>
</question>
<question aggregation="true" answertype="resource" hybrid="false" id="96" onlydbo="false">
<string lang="en">Who is the youngest Snooker player?</string>
<keywords lang="en">youngest, Snooker player</keywords>
<query>PREFIX  dbo:  &lt;http://dbpedia.org/ontology/&gt;
PREFIX  rdf:  &lt;http://www.w3.org/1999/02/22-rdf-syntax-ns#&gt;
SELECT DISTINCT  ?uri
WHERE
  { ?uri  rdf:type       dbo:SnookerPlayer ;
          dbo:birthDate  ?date
  }
ORDER BY DESC(?date)
OFFSET  0
LIMIT   1
</query>
<answers>
<answer>http://dbpedia.org/resource/Yan_Bingtao</answer>
</answers>
</question>
<question aggregation="false" answertype="resource" hybrid="false" id="97" onlydbo="false">
<string lang="en">Who painted Unfinished portrait of General Bonaparte?</string>
<keywords lang="en">painted, Unfinished portrait of General Bonaparte</keywords>
<query>PREFIX  dbo:  &lt;http://dbpedia.org/ontology/&gt;
PREFIX  res:  &lt;http://dbpedia.org/resource/&gt;
SELECT DISTINCT  ?uri
WHERE
  { res:Unfinished_portrait_of_General_Bonaparte
              dbo:author  ?uri
  }
</query>
<answers>
<answer>http://dbpedia.org/resource/Jacques-Louis_David</answer>
</answers>
</question>
<question aggregation="false" answertype="resource" hybrid="false" id="98" onlydbo="false">
<string lang="en">Who produces Red Bull?</string>
<keywords lang="en">produces, Red Bull</keywords>
<query>PREFIX  dbo:  &lt;http://dbpedia.org/ontology/&gt;
PREFIX  res:  &lt;http://dbpedia.org/resource/&gt;
PREFIX  rdfs: &lt;http://www.w3.org/2000/01/rdf-schema#&gt;
SELECT DISTINCT  ?uri ?string
WHERE
  { ?uri  dbo:product  res:Red_Bull
    OPTIONAL
      { ?uri  rdfs:label  ?string
        FILTER ( lang(?string) = "en" )
      }
  }
</query>
<answers>
<answer>http://dbpedia.org/resource/Red_Bull_GmbH</answer>
</answers>
</question>
<question aggregation="false" answertype="resource" hybrid="false" id="99" onlydbo="false">
<string lang="en">Who were the parents of Maria of Antioch?</string>
<keywords lang="en">parents, Maria of Antioch</keywords>
<query>PREFIX  dbo:  &lt;http://dbpedia.org/ontology/&gt;
PREFIX  res:  &lt;http://dbpedia.org/resource/&gt;
SELECT DISTINCT  ?uri
WHERE
  { res:Maria_of_Antioch
              dbo:parent  ?uri
  }
</query>
<answers>
<answer>http://dbpedia.org/resource/Constance_of_Antioch</answer>
<answer>http://dbpedia.org/resource/Raymond_of_Poitiers</answer>
</answers>
</question>
<question aggregation="false" answertype="resource" hybrid="false" id="100" onlydbo="false">
<string lang="en">Who wrote the book Leave It to Psmith?</string>
<keywords lang="en">wrote, book, Leave It to Psmith</keywords>
<query>PREFIX  dbo:  &lt;http://dbpedia.org/ontology/&gt;
PREFIX  res:  &lt;http://dbpedia.org/resource/&gt;
PREFIX  rdfs: &lt;http://www.w3.org/2000/01/rdf-schema#&gt;
SELECT DISTINCT  ?uri ?string
WHERE
  { res:Leave_It_to_Psmith
              dbo:author  ?uri
    OPTIONAL
      { ?uri  rdfs:label  ?string
        FILTER ( lang(?string) = "en" )
      }
  }
</query>
<answers>
<answer>http://dbpedia.org/resource/P._G._Wodehouse</answer>
</answers>
</question>
</dataset>